Now,Hex,Flight,Lat,Lon,Alt,Track,Speed,Squawk,Messages,Groundspeed,Rate_of_climb,Category,Time
1692449917.700000,a5b261,,0.000000,0.000000,0,0.000000,0.000000,,13,0.000000,0,,2023-08-19T07:58:37-05:00
1692449917.700000,a2d9a2,FDX420  ,44.713806,-93.088008,8500,154.500000,290.300000,2616,230,290.300000,3008,A5,2023-08-19T07:58:37-05:00
1692449917.700000,a05410,DAL2262 ,44.752762,-92.974287,6825,129.600000,285.500000,2447,398,285.500000,0,A3,2023-08-19T07:58:37-05:00
1692449917.700000,ab2c72,,0.000000,0.000000,0,0.000000,0.000000,0447,12,0.000000,0,,2023-08-19T07:58:37-05:00
1692449917.700000,a68871,N52VA   ,44.853314,-92.869173,2025,44.700000,116.700000,0213,760,116.700000,192,A1,2023-08-19T07:58:37-05:00
1692449917.700000,a4350c,DAL2020 ,44.575012,-92.272470,15475,111.700000,439.000000,2430,1425,439.000000,1920,A3,2023-08-19T07:58:37-05:00
1692449917.700000,a3a990,,0.000000,0.000000,0,0.000000,0.000000,,149,0.000000,0,A3,2023-08-19T07:58:37-05:00
1692449917.700000,a033ae,AAL76   ,44.592361,-93.032488,34000,264.700000,439.900000,1160,1753,439.900000,0,A3,2023-08-19T07:58:37-05:00
1692449917.700000,a30246,,0.000000,0.000000,0,0.000000,0.000000,,2899,0.000000,0,A3,2023-08-19T07:58:37-05:00
1692449917.700000,a3f4d7,,0.000000,0.000000,0,0.000000,0.000000,,2748,0.000000,0,A3,2023-08-19T07:58:37-05:00
1692449947.800000,a15027,EDV5502 ,0.000000,0.000000,3300,127.000000,257.800000,2620,19,257.800000,0,A3,2023-08-19T07:59:07-05:00
1692449947.800000,a07ccf,SCST3   ,44.872086,-93.233414,0,47.800000,12.800000,,16,12.800000,0,C2,2023-08-19T07:59:07-05:00
1692449947.800000,a5b261,,0.000000,0.000000,0,0.000000,0.000000,,13,0.000000,0,,2023-08-19T07:59:07-05:00
1692449947.800000,a2d9a2,FDX420  ,44.680791,-93.071684,9725,164.300000,295.100000,2616,310,295.100000,2944,A5,2023-08-19T07:59:07-05:00
1692449947.800000,a05410,DAL2262 ,44.724271,-92.935091,7650,137.500000,293.000000,2447,524,293.000000,0,A3,2023-08-19T07:59:07-05:00
1692449947.800000,ab2c72,,0.000000,0.000000,0,0.000000,0.000000,0447,12,0.000000,0,,2023-08-19T07:59:07-05:00
1692449947.800000,a68871,N52VA   ,44.864685,-92.852979,2125,44.600000,113.800000,0213,930,113.800000,256,A1,2023-08-19T07:59:07-05:00
1692449947.800000,a4350c,,44.561188,-92.225843,16150,115.300000,437.000000,2430,1444,437.000000,2432,A3,2023-08-19T07:59:07-05:00
1692449947.800000,a033ae,AAL76   ,44.586756,-93.116031,34000,264.500000,441.000000,1160,1879,441.000000,0,A3,2023-08-19T07:59:07-05:00
1692449947.800000,a30246,,0.000000,0.000000,0,0.000000,0.000000,,2899,0.000000,0,A3,2023-08-19T07:59:07-05:00
1692449947.800000,a3f4d7,,0.000000,0.000000,0,0.000000,0.000000,,2748,0.000000,0,A3,2023-08-19T07:59:07-05:00
1692449977.800000,~334ac4,,44.878126,-93.241955,0,352.900000,16.100000,,6,16.100000,0,,2023-08-19T07:59:37-05:00
1692449977.800000,a087f4,,44.875415,-93.240649,0,170.500000,12.200000,,10,12.200000,0,,2023-08-19T07:59:37-05:00
1692449977.800000,~334d43,,44.881129,-93.221590,0,0.000000,0.700000,,5,0.700000,0,,2023-08-19T07:59:37-05:00
1692449977.800000,~334332,,44.880035,-93.211307,0,0.000000,0.000000,,11,0.000000,0,,2023-08-19T07:59:37-05:00
1692449977.800000,~334d4a,,44.891207,-93.211676,0,0.000000,0.700000,,15,0.700000,0,,2023-08-19T07:59:37-05:00
1692449977.800000,a15027,EDV5502 ,0.000000,0.000000,4075,131.700000,284.000000,2620,36,284.000000,0,A3,2023-08-19T07:59:37-05:00
1692449977.800000,a07ccf,SCST3   ,44.873587,-93.231672,0,0.000000,11.800000,,25,11.800000,0,C2,2023-08-19T07:59:37-05:00
1692449977.800000,a5b261,,0.000000,0.000000,0,0.000000,0.000000,,13,0.000000,0,,2023-08-19T07:59:37-05:00
1692449977.800000,a2d9a2,FDX420  ,44.663381,-93.065253,10325,165.300000,299.800000,2616,319,299.800000,2496,A5,2023-08-19T07:59:37-05:00
1692449977.800000,a05410,DAL2262 ,44.709869,-92.916609,8050,137.400000,298.700000,2447,593,298.700000,0,A3,2023-08-19T07:59:37-05:00
1692449977.800000,ab2c72,,0.000000,0.000000,0,0.000000,0.000000,,12,0.000000,0,,2023-08-19T07:59:37-05:00
1692449977.800000,a68871,N52VA   ,44.876495,-92.837481,2250,42.200000,114.700000,0213,1064,114.700000,320,A1,2023-08-19T07:59:37-05:00
1692449977.800000,a4350c,,44.533310,-92.163522,16950,125.600000,436.500000,,1448,436.500000,1728,A3,2023-08-19T07:59:37-05:00
1692449977.800000,a033ae,AAL76   ,44.580734,-93.204346,34000,264.500000,441.000000,1160,2015,441.000000,0,A3,2023-08-19T07:59:37-05:00
1692449977.800000,a30246,,0.000000,0.000000,0,0.000000,0.000000,,2899,0.000000,0,A3,2023-08-19T07:59:37-05:00
1692449977.800000,a3f4d7,,0.000000,0.000000,0,0.000000,0.000000,,2748,0.000000,0,A3,2023-08-19T07:59:37-05:00
1692997009.900000,a375f7,,44.730276,-92.006881,13550,314.000000,316.800000,,10,316.800000,-704,,2023-08-25T15:56:49-05:00
1692997009.900000,c07eee,,0.000000,0.000000,38000,273.600000,394.800000,,5,394.800000,0,,2023-08-25T15:56:49-05:00
1692997009.900000,a122c9,,45.348450,-92.780980,2825,302.500000,78.200000,1200,16,78.200000,0,,2023-08-25T15:56:49-05:00
1692997009.900000,a61a4b,N4923D  ,44.851498,-92.439970,4000,273.700000,94.200000,4554,55,94.200000,0,A1,2023-08-25T15:56:49-05:00
1692997009.900000,a3a5ec,,0.000000,0.000000,33000,118.900000,523.200000,,12,523.200000,0,,2023-08-25T15:56:49-05:00
1692997009.900000,a362a5,,44.831202,-93.367645,4850,0.000000,0.000000,,34,0.000000,0,,2023-08-25T15:56:49-05:00
1692997009.900000,a0267b,DAL2287 ,44.832738,-92.717709,14450,127.100000,422.600000,2662,1228,422.600000,1984,A3,2023-08-25T15:56:49-05:00
1692997009.900000,~2a978f,,0.000000,0.000000,0,0.000000,0.000000,,6,0.000000,0,,2023-08-25T15:56:49-05:00
1692997009.900000,aae61c,,0.000000,0.000000,0,0.000000,0.000000,,184,0.000000,0,A1,2023-08-25T15:56:49-05:00
1692997009.900000,a669f5,N512ME  ,44.547373,-92.702168,19925,114.100000,261.900000,3070,700,261.900000,1664,A1,2023-08-25T15:56:49-05:00
1692997009.900000,a3df1e,,45.242351,-92.353218,16350,0.000000,0.000000,,2142,0.000000,0,A3,2023-08-25T15:56:49-05:00
1692997009.900000,aabb53,SCX3045 ,44.829200,-93.098948,2425,302.100000,135.700000,6615,3110,135.700000,-576,A3,2023-08-25T15:56:49-05:00
1692997009.900000,a7d665,,0.000000,0.000000,0,0.000000,0.000000,,1538,0.000000,0,A3,2023-08-25T15:56:49-05:00
1692997009.900000,a51ed1,,0.000000,0.000000,0,0.000000,0.000000,,2202,0.000000,0,A3,2023-08-25T15:56:49-05:00
1692997009.900000,acffbc,,0.000000,0.000000,0,0.000000,0.000000,,1348,0.000000,0,A3,2023-08-25T15:56:49-05:00
1692997009.900000,a53f84,N4370N  ,44.733954,-92.989554,7150,154.300000,119.900000,,1487,119.900000,0,A1,2023-08-25T15:56:49-05:00
1692997009.900000,a9e745,,0.000000,0.000000,0,0.000000,0.000000,,3539,0.000000,0,A1,2023-08-25T15:56:49-05:00
1692997009.900000,a6afb2,N53SP   ,45.082489,-93.027191,2000,332.700000,65.300000,,1422,65.300000,128,A1,2023-08-25T15:56:49-05:00
1692997039.900000,a375f7,,44.730276,-92.006881,13550,314.000000,316.800000,,10,316.800000,-704,,2023-08-25T15:57:19-05:00
1692997039.900000,c07eee,,0.000000,0.000000,38000,273.300000,393.700000,,12,393.700000,0,,2023-08-25T15:57:19-05:00
1692997039.900000,a122c9,,45.348450,-92.780980,2825,302.500000,78.200000,,16,78.200000,0,,2023-08-25T15:57:19-05:00
1692997039.900000,a61a4b,N4923D  ,44.852755,-92.463282,4000,271.800000,94.100000,4554,136,94.100000,0,A1,2023-08-25T15:57:19-05:00
1692997039.900000,a3a5ec,,0.000000,0.000000,0,0.000000,0.000000,,12,0.000000,0,,2023-08-25T15:57:19-05:00
1692997039.900000,a362a5,,0.000000,0.000000,9225,0.000000,0.000000,,40,0.000000,0,,2023-08-25T15:57:19-05:00
1692997039.900000,a0267b,DAL2287 ,44.796890,-92.651106,15575,127.200000,425.400000,2662,1391,425.400000,2048,A3,2023-08-25T15:57:19-05:00
1692997039.900000,aae61c,,0.000000,0.000000,0,0.000000,0.000000,,184,0.000000,0,A1,2023-08-25T15:57:19-05:00
1692997039.900000,a669f5,N512ME  ,44.547373,-92.702168,19925,114.200000,270.800000,3070,702,270.800000,1344,A1,2023-08-25T15:57:19-05:00
1692997039.900000,a3df1e,,0.000000,0.000000,0,0.000000,0.000000,,2142,0.000000,0,A3,2023-08-25T15:57:19-05:00
1692997039.900000,aabb53,,44.836229,-93.115160,2175,302.100000,135.700000,6615,3111,135.700000,-576,A3,2023-08-25T15:57:19-05:00
1692997039.900000,a51ed1,,0.000000,0.000000,0,0.000000,0.000000,,2202,0.000000,0,A3,2023-08-25T15:57:19-05:00
1692997039.900000,acffbc,,0.000000,0.000000,0,0.000000,0.000000,,1348,0.000000,0,A3,2023-08-25T15:57:19-05:00
1692997039.900000,a53f84,N4370N  ,44.720581,-92.978276,7000,151.500000,129.800000,4266,1541,129.800000,0,A1,2023-08-25T15:57:19-05:00
1692997039.900000,a9e745,,0.000000,0.000000,0,0.000000,0.000000,,3539,0.000000,0,A1,2023-08-25T15:57:19-05:00
1692997039.900000,a6afb2,,45.082489,-93.027191,2000,280.700000,70.200000,,1424,70.200000,-192,A1,2023-08-25T15:57:19-05:00
1692997069.900000,a9db6d,,0.000000,0.000000,0,0.000000,0.000000,,5,0.000000,0,,2023-08-25T15:57:49-05:00
1692997069.900000,a37b48,,0.000000,0.000000,7800,179.400000,289.000000,,10,289.000000,3136,,2023-08-25T15:57:49-05:00
1692997069.900000,a4495b,,0.000000,0.000000,11300,140.900000,377.500000,7042,21,377.500000,1024,,2023-08-25T15:57:49-05:00
1692997069.900000,a375f7,,44.782182,-92.082311,12875,0.000000,0.000000,,12,0.000000,0,,2023-08-25T15:57:49-05:00
1692997069.900000,c07eee,,0.000000,0.000000,38000,273.300000,394.700000,,18,394.700000,-64,,2023-08-25T15:57:49-05:00
1692997069.900000,a122c9,,45.348450,-92.780980,2825,302.500000,78.200000,,16,78.200000,0,,2023-08-25T15:57:49-05:00
1692997069.900000,a61a4b,N4923D  ,44.852755,-92.463282,4000,271.800000,94.100000,4554,136,94.100000,0,A1,2023-08-25T15:57:49-05:00
1692997069.900000,a3a5ec,,0.000000,0.000000,0,0.000000,0.000000,,12,0.000000,0,,2023-08-25T15:57:49-05:00
1692997069.900000,a362a5,,0.000000,0.000000,9225,0.000000,0.000000,,41,0.000000,0,,2023-08-25T15:57:49-05:00
1692997069.900000,a0267b,DAL2287 ,44.761559,-92.585539,16350,127.200000,435.400000,2662,1515,435.400000,1152,A3,2023-08-25T15:57:49-05:00
1692997069.900000,aae61c,,0.000000,0.000000,0,0.000000,0.000000,,184,0.000000,0,A1,2023-08-25T15:57:49-05:00
1692997069.900000,a669f5,,0.000000,0.000000,0,114.200000,270.800000,,702,270.800000,1344,A1,2023-08-25T15:57:49-05:00
1692997069.900000,a3df1e,,0.000000,0.000000,0,0.000000,0.000000,,2142,0.000000,0,A3,2023-08-25T15:57:49-05:00
1692997069.900000,aabb53,,44.836229,-93.115160,2175,302.100000,135.700000,,3111,135.700000,-576,A3,2023-08-25T15:57:49-05:00
1692997069.900000,a51ed1,,0.000000,0.000000,0,0.000000,0.000000,,2202,0.000000,0,A3,2023-08-25T15:57:49-05:00
1692997069.900000,acffbc,,0.000000,0.000000,0,0.000000,0.000000,,1348,0.000000,0,A3,2023-08-25T15:57:49-05:00
1692997069.900000,a53f84,N4370N  ,44.720581,-92.978276,7000,151.500000,129.800000,4266,1542,129.800000,0,A1,2023-08-25T15:57:49-05:00
1692997069.900000,a6afb2,,45.082489,-93.027191,2000,280.700000,70.200000,,1425,70.200000,-192,A1,2023-08-25T15:57:49-05:00
1692997100.000000,a9db6d,,44.944091,-93.054199,1825,175.500000,115.400000,,43,115.400000,-64,,2023-08-25T15:58:20-05:00
1692997100.000000,a37b48,,0.000000,0.000000,8075,179.400000,289.000000,,16,289.000000,3136,,2023-08-25T15:58:20-05:00
1692997100.000000,a4495b,,44.551895,-93.184596,12050,143.100000,400.000000,7042,47,400.000000,2240,,2023-08-25T15:58:20-05:00
1692997100.000000,a375f7,,44.782182,-92.082311,12875,0.000000,0.000000,,12,0.000000,0,,2023-08-25T15:58:20-05:00
1692997100.000000,c07eee,,0.000000,0.000000,38000,273.300000,394.700000,,18,394.700000,-64,,2023-08-25T15:58:20-05:00
1692997100.000000,a122c9,,0.000000,0.000000,0,0.000000,0.000000,,16,0.000000,0,,2023-08-25T15:58:20-05:00
1692997100.000000,a61a4b,N4923D  ,44.852755,-92.463282,4000,271.800000,94.100000,4554,136,94.100000,0,A1,2023-08-25T15:58:20-05:00
1692997100.000000,a3a5ec,,0.000000,0.000000,0,0.000000,0.000000,,12,0.000000,0,,2023-08-25T15:58:20-05:00
1692997100.000000,a362a5,,0.000000,0.000000,10600,0.000000,0.000000,,43,0.000000,0,,2023-08-25T15:58:20-05:00
1692997100.000000,a0267b,DAL2287 ,44.730835,-92.528752,17100,127.300000,441.000000,2662,1684,441.000000,2112,A3,2023-08-25T15:58:20-05:00
1692997100.000000,aae61c,,0.000000,0.000000,0,0.000000,0.000000,,184,0.000000,0,A1,2023-08-25T15:58:20-05:00
1692997100.000000,a669f5,N512ME  ,0.000000,0.000000,21975,114.100000,269.500000,,711,269.500000,2624,A1,2023-08-25T15:58:20-05:00
1692997100.000000,a3df1e,,0.000000,0.000000,0,0.000000,0.000000,,2142,0.000000,0,A3,2023-08-25T15:58:20-05:00
1692997100.000000,aabb53,,0.000000,0.000000,0,0.000000,0.000000,,3111,0.000000,0,A3,2023-08-25T15:58:20-05:00
1692997100.000000,a51ed1,,0.000000,0.000000,0,0.000000,0.000000,,2202,0.000000,0,A3,2023-08-25T15:58:20-05:00
1692997100.000000,acffbc,,0.000000,0.000000,0,0.000000,0.000000,,1348,0.000000,0,A3,2023-08-25T15:58:20-05:00
1692997100.000000,a53f84,,44.688100,-92.960413,7025,161.400000,116.100000,,1571,116.100000,0,A1,2023-08-25T15:58:20-05:00
1692997100.000000,a6afb2,,0.000000,0.000000,0,0.000000,0.000000,,1425,0.000000,0,A1,2023-08-25T15:58:20-05:00
1692997130.000000,a9db6d,N734RQ  ,44.927751,-93.050515,1875,169.200000,117.100000,,109,117.100000,0,A1,2023-08-25T15:58:50-05:00
1692997130.000000,a37b48,,0.000000,0.000000,9475,0.000000,0.000000,,17,0.000000,0,,2023-08-25T15:58:50-05:00
1692997130.000000,a4495b,,44.524246,-93.155169,12725,143.100000,400.000000,7042,50,400.000000,2240,,2023-08-25T15:58:50-05:00
1692997130.000000,a375f7,,0.000000,0.000000,0,0.000000,0.000000,,12,0.000000,0,,2023-08-25T15:58:50-05:00
1692997130.000000,c07eee,,0.000000,0.000000,38000,273.300000,394.700000,,25,394.700000,-64,,2023-08-25T15:58:50-05:00
1692997130.000000,a122c9,,0.000000,0.000000,0,0.000000,0.000000,,16,0.000000,0,,2023-08-25T15:58:50-05:00
1692997130.000000,a61a4b,,0.000000,0.000000,0,0.000000,0.000000,,136,0.000000,0,A1,2023-08-25T15:58:50-05:00
1692997130.000000,a3a5ec,,0.000000,0.000000,0,0.000000,0.000000,,12,0.000000,0,,2023-08-25T15:58:50-05:00
1692997130.000000,a362a5,DAL2030 ,44.638941,-93.201979,11500,118.900000,403.300000,3637,108,403.300000,1088,A3,2023-08-25T15:58:50-05:00
1692997130.000000,a0267b,DAL2287 ,44.707214,-92.485134,18250,124.900000,445.300000,2662,1739,445.300000,1856,A3,2023-08-25T15:58:50-05:00
1692997130.000000,aae61c,,0.000000,0.000000,0,0.000000,0.000000,,184,0.000000,0,A1,2023-08-25T15:58:50-05:00
1692997130.000000,a669f5,N512ME  ,0.000000,0.000000,23800,114.100000,269.500000,,718,269.500000,2624,A1,2023-08-25T15:58:50-05:00
1692997130.000000,a3df1e,,0.000000,0.000000,0,0.000000,0.000000,,2142,0.000000,0,A3,2023-08-25T15:58:50-05:00
1692997130.000000,aabb53,,0.000000,0.000000,0,0.000000,0.000000,,3111,0.000000,0,A3,2023-08-25T15:58:50-05:00
1692997130.000000,a51ed1,,0.000000,0.000000,0,0.000000,0.000000,,2202,0.000000,0,A3,2023-08-25T15:58:50-05:00
1692997130.000000,acffbc,,0.000000,0.000000,0,0.000000,0.000000,,1348,0.000000,0,A3,2023-08-25T15:58:50-05:00
1692997130.000000,a53f84,,44.672333,-92.951072,7075,158.400000,114.000000,,1576,114.000000,0,A1,2023-08-25T15:58:50-05:00
1692997130.000000,a6afb2,,0.000000,0.000000,0,0.000000,0.000000,,1425,0.000000,0,A1,2023-08-25T15:58:50-05:00
1692997160.000000,a9db6d,N734RQ  ,44.916595,-93.047333,1850,168.600000,116.300000,1200,147,116.300000,128,A1,2023-08-25T15:59:20-05:00
1692997160.000000,a37b48,,0.000000,0.000000,10550,0.000000,0.000000,,18,0.000000,0,,2023-08-25T15:59:20-05:00
1692997160.000000,a4495b,,44.524246,-93.155169,12725,143.100000,400.000000,7042,50,400.000000,2240,,2023-08-25T15:59:20-05:00
1692997160.000000,a375f7,,0.000000,0.000000,0,0.000000,0.000000,,12,0.000000,0,,2023-08-25T15:59:20-05:00
1692997160.000000,c07eee,,0.000000,0.000000,38000,0.000000,0.000000,,29,0.000000,0,,2023-08-25T15:59:20-05:00
1692997160.000000,a122c9,,0.000000,0.000000,0,0.000000,0.000000,,16,0.000000,0,,2023-08-25T15:59:20-05:00
1692997160.000000,a61a4b,,0.000000,0.000000,0,0.000000,0.000000,,136,0.000000,0,A1,2023-08-25T15:59:20-05:00
1692997160.000000,a3a5ec,,0.000000,0.000000,0,0.000000,0.000000,,12,0.000000,0,,2023-08-25T15:59:20-05:00
1692997160.000000,a362a5,DAL2030 ,44.610901,-93.130515,12500,118.700000,414.000000,3637,205,414.000000,2112,A3,2023-08-25T15:59:20-05:00
1692997160.000000,a0267b,DAL2287 ,44.662399,-92.371935,19000,116.300000,455.300000,2662,1830,455.300000,1408,A3,2023-08-25T15:59:20-05:00
1692997160.000000,aae61c,,0.000000,0.000000,0,0.000000,0.000000,,184,0.000000,0,A1,2023-08-25T15:59:20-05:00
1692997160.000000,a669f5,,0.000000,0.000000,23800,0.000000,0.000000,,718,0.000000,0,A1,2023-08-25T15:59:20-05:00
1692997160.000000,a3df1e,,0.000000,0.000000,0,0.000000,0.000000,,2142,0.000000,0,A3,2023-08-25T15:59:20-05:00
1692997160.000000,aabb53,,0.000000,0.000000,0,0.000000,0.000000,,3111,0.000000,0,A3,2023-08-25T15:59:20-05:00
1692997160.000000,acffbc,,0.000000,0.000000,0,0.000000,0.000000,,1348,0.000000,0,A3,2023-08-25T15:59:20-05:00
1692997160.000000,a53f84,,44.652394,-92.939178,7050,165.500000,123.900000,4266,1598,123.900000,0,A1,2023-08-25T15:59:20-05:00
1692997160.000000,a6afb2,,0.000000,0.000000,0,357.500000,69.100000,,1426,69.100000,-64,A1,2023-08-25T15:59:20-05:00
1692997190.100000,a9db6d,N734RQ  ,44.896002,-93.042342,1925,170.500000,115.600000,1200,165,115.600000,-64,A1,2023-08-25T15:59:50-05:00
1692997190.100000,a37b48,,0.000000,0.000000,11550,117.400000,377.500000,,29,377.500000,1728,,2023-08-25T15:59:50-05:00
1692997190.100000,a4495b,,0.000000,0.000000,16775,140.500000,366.600000,,55,366.600000,3392,,2023-08-25T15:59:50-05:00
1692997190.100000,a375f7,,0.000000,0.000000,10500,0.000000,0.000000,,13,0.000000,0,,2023-08-25T15:59:50-05:00
1692997190.100000,c07eee,,0.000000,0.000000,38000,0.000000,0.000000,,30,0.000000,0,,2023-08-25T15:59:50-05:00
1692997190.100000,a122c9,,0.000000,0.000000,0,0.000000,0.000000,,16,0.000000,0,,2023-08-25T15:59:50-05:00
1692997190.100000,a61a4b,,0.000000,0.000000,3000,273.400000,100.200000,,145,100.200000,0,A1,2023-08-25T15:59:50-05:00
1692997190.100000,a3a5ec,,0.000000,0.000000,0,0.000000,0.000000,,12,0.000000,0,,2023-08-25T15:59:50-05:00
1692997190.100000,a362a5,DAL2030 ,44.583032,-93.059089,13525,118.600000,421.600000,3637,225,421.600000,1920,A3,2023-08-25T15:59:50-05:00
1692997190.100000,a0267b,DAL2287 ,44.635263,-92.294803,19750,116.200000,461.500000,2662,1887,461.500000,1408,A3,2023-08-25T15:59:50-05:00
1692997190.100000,a669f5,,0.000000,0.000000,23800,0.000000,0.000000,,719,0.000000,0,A1,2023-08-25T15:59:50-05:00
1692997190.100000,a3df1e,,0.000000,0.000000,0,0.000000,0.000000,,2142,0.000000,0,A3,2023-08-25T15:59:50-05:00
1692997190.100000,aabb53,,0.000000,0.000000,0,0.000000,0.000000,,3111,0.000000,0,A3,2023-08-25T15:59:50-05:00
1692997190.100000,acffbc,,0.000000,0.000000,0,0.000000,0.000000,,1348,0.000000,0,A3,2023-08-25T15:59:50-05:00
1692997190.100000,a53f84,N4370N  ,44.639034,-92.932747,7125,159.600000,117.400000,4266,1631,117.400000,0,A1,2023-08-25T15:59:50-05:00
1692997190.100000,a6afb2,,0.000000,0.000000,2075,13.100000,70.800000,,1428,70.800000,0,A1,2023-08-25T15:59:50-05:00
1692997200.500000,a9db6d,N734RQ  ,44.894714,-93.042101,1900,170.500000,115.600000,1200,168,115.600000,-64,A1,2023-08-25T16:00:00-05:00
1692997200.500000,a37b48,,0.000000,0.000000,11550,117.400000,377.500000,,32,377.500000,1792,,2023-08-25T16:00:00-05:00
1692997200.500000,a4495b,,0.000000,0.000000,16775,140.500000,366.600000,,56,366.600000,3392,,2023-08-25T16:00:00-05:00
1692997200.500000,a375f7,,44.855942,-92.367881,9925,261.800000,271.800000,3255,62,271.800000,-1408,,2023-08-25T16:00:00-05:00
1692997200.500000,c07eee,,0.000000,0.000000,38000,0.000000,0.000000,,30,0.000000,0,,2023-08-25T16:00:00-05:00
1692997200.500000,a122c9,,0.000000,0.000000,0,0.000000,0.000000,,16,0.000000,0,,2023-08-25T16:00:00-05:00
1692997200.500000,a61a4b,,44.852197,-92.570064,3100,273.400000,100.200000,,151,100.200000,0,A1,2023-08-25T16:00:00-05:00
1692997200.500000,a3a5ec,,0.000000,0.000000,0,0.000000,0.000000,,12,0.000000,0,,2023-08-25T16:00:00-05:00
1692997200.500000,a362a5,DAL2030 ,44.574738,-93.037851,13825,118.700000,424.300000,3637,237,424.300000,2176,A3,2023-08-25T16:00:00-05:00
1692997200.500000,a0267b,DAL2287 ,44.622135,-92.257556,20050,116.200000,466.000000,2662,1950,466.000000,1280,A3,2023-08-25T16:00:00-05:00
1692997200.500000,a669f5,,0.000000,0.000000,0,0.000000,0.000000,,719,0.000000,0,A1,2023-08-25T16:00:00-05:00
1692997200.500000,a3df1e,,0.000000,0.000000,0,0.000000,0.000000,,2142,0.000000,0,A3,2023-08-25T16:00:00-05:00
1692997200.500000,aabb53,,0.000000,0.000000,0,0.000000,0.000000,,3111,0.000000,0,A3,2023-08-25T16:00:00-05:00
1692997200.500000,acffbc,,0.000000,0.000000,0,0.000000,0.000000,,1348,0.000000,0,A3,2023-08-25T16:00:00-05:00
1692997200.500000,a53f84,N4370N  ,44.639034,-92.932747,7125,159.600000,117.400000,4266,1632,117.400000,0,A1,2023-08-25T16:00:00-05:00
1692997200.500000,a6afb2,,0.000000,0.000000,2125,107.600000,82.900000,,1435,82.900000,0,A1,2023-08-25T16:00:00-05:00
1692997220.100000,a9db6d,N734RQ  ,44.887902,-93.041002,1900,170.500000,115.600000,,171,115.600000,-64,A1,2023-08-25T16:00:20-05:00
1692997220.100000,a37b48,DAL2295 ,44.638336,-93.196419,12400,118.500000,385.700000,3023,97,385.700000,2048,A3,2023-08-25T16:00:20-05:00
1692997220.100000,a4495b,,0.000000,0.000000,16775,140.500000,366.600000,,57,366.600000,3392,,2023-08-25T16:00:20-05:00
1692997220.100000,a375f7,N322CG  ,44.852662,-92.400111,9500,261.800000,266.700000,3255,110,266.700000,-1408,A2,2023-08-25T16:00:20-05:00
1692997220.100000,c07eee,,0.000000,0.000000,38000,0.000000,0.000000,,30,0.000000,0,,2023-08-25T16:00:20-05:00
1692997220.100000,a122c9,,0.000000,0.000000,0,0.000000,0.000000,,16,0.000000,0,,2023-08-25T16:00:20-05:00
1692997220.100000,a61a4b,,44.852197,-92.570064,3100,273.400000,100.200000,,151,100.200000,0,A1,2023-08-25T16:00:20-05:00
1692997220.100000,a3a5ec,,0.000000,0.000000,0,0.000000,0.000000,,12,0.000000,0,,2023-08-25T16:00:20-05:00
1692997220.100000,a362a5,DAL2030 ,44.556793,-92.991878,14525,118.700000,427.400000,3637,291,427.400000,2176,A3,2023-08-25T16:00:20-05:00
1692997220.100000,a0267b,DAL2287 ,44.603794,-92.205840,20525,116.500000,471.400000,2662,2037,471.400000,1600,A3,2023-08-25T16:00:20-05:00
1692997220.100000,a669f5,,0.000000,0.000000,0,0.000000,0.000000,,719,0.000000,0,A1,2023-08-25T16:00:20-05:00
1692997220.100000,a3df1e,,0.000000,0.000000,0,0.000000,0.000000,,2142,0.000000,0,A3,2023-08-25T16:00:20-05:00
1692997220.100000,aabb53,,0.000000,0.000000,0,0.000000,0.000000,,3111,0.000000,0,A3,2023-08-25T16:00:20-05:00
1692997220.100000,a53f84,N4370N  ,44.639034,-92.932747,7125,159.600000,117.400000,4266,1632,117.400000,0,A1,2023-08-25T16:00:20-05:00
1692997220.100000,a6afb2,,0.000000,0.000000,2125,107.600000,82.900000,,1435,82.900000,0,A1,2023-08-25T16:00:20-05:00
1692997250.100000,a9db6d,,44.887902,-93.041002,1900,0.000000,0.000000,,176,0.000000,0,A1,2023-08-25T16:00:50-05:00
1692997250.100000,a37b48,DAL2295 ,44.608246,-93.119529,13650,118.800000,392.500000,3023,222,392.500000,2112,A3,2023-08-25T16:00:50-05:00
1692997250.100000,a4495b,,0.000000,0.000000,16775,0.000000,0.000000,,57,0.000000,0,,2023-08-25T16:00:50-05:00
1692997250.100000,a375f7,N322CG  ,44.850195,-92.424495,9150,261.800000,267.700000,3255,154,267.700000,-1408,A2,2023-08-25T16:00:50-05:00
1692997250.100000,c07eee,,0.000000,0.000000,0,0.000000,0.000000,,30,0.000000,0,,2023-08-25T16:00:50-05:00
1692997250.100000,a122c9,,0.000000,0.000000,0,0.000000,0.000000,,16,0.000000,0,,2023-08-25T16:00:50-05:00
1692997250.100000,a61a4b,,44.852197,-92.570064,3100,273.400000,100.200000,1260,154,100.200000,0,A1,2023-08-25T16:00:50-05:00
1692997250.100000,a362a5,DAL2030 ,44.533630,-92.932826,15350,118.800000,432.300000,3637,357,432.300000,1856,A3,2023-08-25T16:00:50-05:00
1692997250.100000,a0267b,DAL2287 ,44.574051,-92.121735,21200,116.400000,477.600000,2662,2171,477.600000,1024,A3,2023-08-25T16:00:50-05:00
1692997250.100000,a669f5,,0.000000,0.000000,0,0.000000,0.000000,,719,0.000000,0,A1,2023-08-25T16:00:50-05:00
1692997250.100000,aabb53,,0.000000,0.000000,0,0.000000,0.000000,,3111,0.000000,0,A3,2023-08-25T16:00:50-05:00
1692997250.100000,a53f84,N4370N  ,44.639034,-92.932747,7125,159.600000,117.400000,4266,1632,117.400000,0,A1,2023-08-25T16:00:50-05:00
1692997250.100000,a6afb2,,0.000000,0.000000,2125,107.600000,82.900000,,1435,82.900000,0,A1,2023-08-25T16:00:50-05:00
1692997280.200000,ada16f,,0.000000,0.000000,5575,190.500000,246.100000,,10,246.100000,768,,2023-08-25T16:01:20-05:00
1692997280.200000,a9db6d,,0.000000,0.000000,1875,172.800000,119.000000,,189,119.000000,0,A1,2023-08-25T16:01:20-05:00
1692997280.200000,a37b48,DAL2295 ,44.591085,-93.075770,14350,118.900000,399.700000,3023,234,399.700000,2112,A3,2023-08-25T16:01:20-05:00
1692997280.200000,a4495b,,0.000000,0.000000,0,0.000000,0.000000,,57,0.000000,0,,2023-08-25T16:01:20-05:00
1692997280.200000,a375f7,N322CG  ,44.850195,-92.424495,9150,261.800000,267.700000,3255,154,267.700000,-1408,A2,2023-08-25T16:01:20-05:00
1692997280.200000,c07eee,,44.087576,-93.412694,38000,273.100000,402.600000,,45,402.600000,-64,,2023-08-25T16:01:20-05:00
1692997280.200000,a122c9,,0.000000,0.000000,0,0.000000,0.000000,,16,0.000000,0,,2023-08-25T16:01:20-05:00
1692997280.200000,a61a4b,N4923D  ,44.849854,-92.622201,3000,264.300000,100.500000,1260,182,100.500000,0,A1,2023-08-25T16:01:20-05:00
1692997280.200000,a362a5,DAL2030 ,44.501100,-92.850148,16225,118.800000,444.900000,3637,392,444.900000,1856,A3,2023-08-25T16:01:20-05:00
1692997280.200000,a0267b,DAL2287 ,44.571991,-92.115914,21250,116.400000,479.000000,2662,2181,479.000000,1088,A3,2023-08-25T16:01:20-05:00
1692997280.200000,a669f5,N512ME  ,0.000000,0.000000,26825,0.000000,0.000000,,721,0.000000,0,A1,2023-08-25T16:01:20-05:00
1692997280.200000,aabb53,,0.000000,0.000000,0,0.000000,0.000000,,3111,0.000000,0,A3,2023-08-25T16:01:20-05:00
1692997280.200000,a53f84,,0.000000,0.000000,0,0.000000,0.000000,,1632,0.000000,0,A1,2023-08-25T16:01:20-05:00
1692997280.200000,a6afb2,,0.000000,0.000000,0,0.000000,0.000000,,1435,0.000000,0,A1,2023-08-25T16:01:20-05:00
1692997310.200000,ada16f,,0.000000,0.000000,5575,190.500000,246.100000,,10,246.100000,768,,2023-08-25T16:01:50-05:00
1692997310.200000,a9db6d,,44.837036,-93.031703,1925,167.600000,116.700000,,209,116.700000,-192,A1,2023-08-25T16:01:50-05:00
1692997310.200000,a37b48,DAL2295 ,44.555426,-92.985267,15725,118.900000,405.500000,3023,328,405.500000,1600,A3,2023-08-25T16:01:50-05:00
1692997310.200000,a4495b,,0.000000,0.000000,0,0.000000,0.000000,,57,0.000000,0,,2023-08-25T16:01:50-05:00
1692997310.200000,a375f7,,0.000000,0.000000,7400,261.600000,259.800000,,158,259.800000,-1536,A2,2023-08-25T16:01:50-05:00
1692997310.200000,c07eee,,44.087576,-93.412694,38000,273.100000,402.600000,,45,402.600000,-64,,2023-08-25T16:01:50-05:00
1692997310.200000,a61a4b,N4923D  ,44.848801,-92.629787,3100,257.500000,97.300000,1260,206,97.300000,0,A1,2023-08-25T16:01:50-05:00
1692997310.200000,a362a5,DAL2030 ,44.475729,-92.785771,16850,118.900000,454.800000,3637,452,454.800000,1856,A3,2023-08-25T16:01:50-05:00
1692997310.200000,a0267b,,44.571991,-92.115914,21250,116.400000,479.000000,,2182,479.000000,1088,A3,2023-08-25T16:01:50-05:00
1692997310.200000,a669f5,N512ME  ,0.000000,0.000000,26825,0.000000,0.000000,,721,0.000000,0,A1,2023-08-25T16:01:50-05:00
1692997310.200000,aabb53,,0.000000,0.000000,0,0.000000,0.000000,,3111,0.000000,0,A3,2023-08-25T16:01:50-05:00
1692997310.200000,a53f84,,0.000000,0.000000,0,0.000000,0.000000,,1632,0.000000,0,A1,2023-08-25T16:01:50-05:00
1692997310.200000,a6afb2,,0.000000,0.000000,0,0.000000,0.000000,,1435,0.000000,0,A1,2023-08-25T16:01:50-05:00
1692997340.300000,ada16f,,0.000000,0.000000,7925,0.000000,0.000000,,11,0.000000,0,,2023-08-25T16:02:20-05:00
1692997340.300000,a9db6d,N734RQ  ,44.817627,-93.022679,1975,151.900000,116.800000,1200,247,116.800000,192,A1,2023-08-25T16:02:20-05:00
1692997340.300000,a37b48,DAL2295 ,44.533493,-92.929622,16350,118.900000,414.500000,3023,402,414.500000,1536,A3,2023-08-25T16:02:20-05:00
1692997340.300000,a4495b,,0.000000,0.000000,0,0.000000,0.000000,,57,0.000000,0,,2023-08-25T16:02:20-05:00
1692997340.300000,a375f7,N322CG  ,44.831760,-92.600678,6525,261.600000,259.800000,,201,259.800000,-1536,A2,2023-08-25T16:02:20-05:00
1692997340.300000,c07eee,,0.000000,0.000000,0,0.000000,0.000000,,45,0.000000,0,,2023-08-25T16:02:20-05:00
1692997340.300000,a61a4b,N4923D  ,44.848333,-92.659428,2900,270.000000,91.000000,4554,239,91.000000,0,A1,2023-08-25T16:02:20-05:00
1692997340.300000,a362a5,DAL2030 ,44.475729,-92.785771,16850,118.900000,454.800000,3637,452,454.800000,1856,A3,2023-08-25T16:02:20-05:00
1692997340.300000,a0267b,,0.000000,0.000000,23000,116.600000,503.100000,,2188,503.100000,64,A3,2023-08-25T16:02:20-05:00
1692997340.300000,a669f5,,0.000000,0.000000,0,0.000000,0.000000,,721,0.000000,0,A1,2023-08-25T16:02:20-05:00
1692997340.300000,a53f84,,0.000000,0.000000,0,0.000000,0.000000,,1632,0.000000,0,A1,2023-08-25T16:02:20-05:00
1692997340.300000,a6afb2,,0.000000,0.000000,0,0.000000,0.000000,,1435,0.000000,0,A1,2023-08-25T16:02:20-05:00
1692997370.300000,ada16f,,0.000000,0.000000,7925,0.000000,0.000000,,11,0.000000,0,,2023-08-25T16:02:50-05:00
1692997370.300000,a9db6d,N734RQ  ,44.805222,-93.011627,1975,147.700000,116.000000,1200,307,116.000000,0,A1,2023-08-25T16:02:50-05:00
1692997370.300000,a37b48,DAL2295 ,44.503510,-92.853764,17100,119.000000,429.700000,3023,429,429.700000,1984,A3,2023-08-25T16:02:50-05:00
1692997370.300000,a4495b,,0.000000,0.000000,0,0.000000,0.000000,,57,0.000000,0,,2023-08-25T16:02:50-05:00
1692997370.300000,a375f7,N322CG  ,44.826096,-92.653852,5750,261.600000,259.800000,3255,268,259.800000,-1536,A2,2023-08-25T16:02:50-05:00
1692997370.300000,c07eee,,0.000000,0.000000,0,0.000000,0.000000,,45,0.000000,0,,2023-08-25T16:02:50-05:00
1692997370.300000,a61a4b,N4923D  ,44.848752,-92.679860,2500,273.000000,97.100000,4554,339,97.100000,0,A1,2023-08-25T16:02:50-05:00
1692997370.300000,a362a5,DAL2030 ,44.475729,-92.785771,16850,118.900000,454.800000,,452,454.800000,1856,A3,2023-08-25T16:02:50-05:00
1692997370.300000,a0267b,,0.000000,0.000000,23000,116.600000,503.100000,,2188,503.100000,64,A3,2023-08-25T16:02:50-05:00
1692997370.300000,a669f5,,0.000000,0.000000,0,0.000000,0.000000,,721,0.000000,0,A1,2023-08-25T16:02:50-05:00
1692997370.300000,a53f84,,0.000000,0.000000,0,0.000000,0.000000,,1632,0.000000,0,A1,2023-08-25T16:02:50-05:00
1692997370.300000,a6afb2,,0.000000,0.000000,0,0.000000,0.000000,,1435,0.000000,0,A1,2023-08-25T16:02:50-05:00
1692997400.300000,ada16f,DAL1028 ,0.000000,0.000000,9700,136.300000,304.100000,,21,304.100000,2048,A3,2023-08-25T16:03:20-05:00
1692997400.300000,a9db6d,N734RQ  ,44.792796,-93.007038,1900,171.300000,118.400000,1200,322,118.400000,64,A1,2023-08-25T16:03:20-05:00
1692997400.300000,a37b48,DAL2295 ,44.469635,-92.768424,18300,119.100000,431.500000,3023,482,431.500000,1664,A3,2023-08-25T16:03:20-05:00
1692997400.300000,a4495b,,0.000000,0.000000,0,0.000000,0.000000,,57,0.000000,0,,2023-08-25T16:03:20-05:00
1692997400.300000,a375f7,N322CG  ,44.821565,-92.696206,5375,261.500000,255.800000,3255,373,255.800000,-448,A2,2023-08-25T16:03:20-05:00
1692997400.300000,c07eee,,0.000000,0.000000,0,0.000000,0.000000,,45,0.000000,0,,2023-08-25T16:03:20-05:00
1692997400.300000,a61a4b,N4923D  ,44.848572,-92.696686,2500,268.400000,105.000000,4554,423,105.000000,0,A1,2023-08-25T16:03:20-05:00
1692997400.300000,a362a5,,0.000000,0.000000,0,0.000000,0.000000,,452,0.000000,0,A3,2023-08-25T16:03:20-05:00
1692997400.300000,a0267b,,0.000000,0.000000,23000,116.600000,503.100000,,2188,503.100000,64,A3,2023-08-25T16:03:20-05:00
1692997400.300000,a669f5,,0.000000,0.000000,0,0.000000,0.000000,,721,0.000000,0,A1,2023-08-25T16:03:20-05:00
1692997400.300000,a53f84,,0.000000,0.000000,0,0.000000,0.000000,,1632,0.000000,0,A1,2023-08-25T16:03:20-05:00
1692997400.300000,a6afb2,,0.000000,0.000000,0,0.000000,0.000000,,1435,0.000000,0,A1,2023-08-25T16:03:20-05:00
1692997430.400000,a7fe22,N614FL  ,44.860931,-93.034385,900,345.400000,71.300000,,18,71.300000,0,A1,2023-08-25T16:03:50-05:00
1692997430.400000,ada16f,DAL1028 ,0.000000,0.000000,10825,137.800000,322.800000,2452,27,322.800000,1408,A3,2023-08-25T16:03:50-05:00
1692997430.400000,a9db6d,N734RQ  ,44.792796,-93.007038,1900,171.300000,118.400000,,322,118.400000,64,A1,2023-08-25T16:03:50-05:00
1692997430.400000,a37b48,DAL2295 ,44.443654,-92.703240,19000,119.100000,438.200000,3023,498,438.200000,1472,A3,2023-08-25T16:03:50-05:00
1692997430.400000,a4495b,,0.000000,0.000000,0,0.000000,0.000000,,57,0.000000,0,,2023-08-25T16:03:50-05:00
1692997430.400000,a375f7,N322CG  ,44.815430,-92.753579,5075,261.400000,260.900000,3255,443,260.900000,-704,A2,2023-08-25T16:03:50-05:00
1692997430.400000,c07eee,,0.000000,0.000000,0,0.000000,0.000000,,45,0.000000,0,,2023-08-25T16:03:50-05:00
1692997430.400000,a61a4b,N4923D  ,44.847495,-92.720992,2500,268.900000,109.000000,4554,523,109.000000,0,A1,2023-08-25T16:03:50-05:00
1692997430.400000,a362a5,,0.000000,0.000000,0,0.000000,0.000000,,452,0.000000,0,A3,2023-08-25T16:03:50-05:00
1692997430.400000,a0267b,,0.000000,0.000000,0,0.000000,0.000000,,2188,0.000000,0,A3,2023-08-25T16:03:50-05:00
1692997430.400000,a669f5,,0.000000,0.000000,0,0.000000,0.000000,,721,0.000000,0,A1,2023-08-25T16:03:50-05:00
1692997430.400000,a53f84,,0.000000,0.000000,0,0.000000,0.000000,,1632,0.000000,0,A1,2023-08-25T16:03:50-05:00
1692997430.400000,a6afb2,,0.000000,0.000000,0,0.000000,0.000000,,1435,0.000000,0,A1,2023-08-25T16:03:50-05:00
1692997460.400000,acba1b,,0.000000,0.000000,8400,54.300000,283.100000,7262,43,283.100000,-1856,,2023-08-25T16:04:20-05:00
1692997460.400000,a7fe22,N614FL  ,44.863974,-93.044151,1200,204.200000,85.500000,,31,85.500000,0,A1,2023-08-25T16:04:20-05:00
1692997460.400000,a93257,,45.067108,-93.112335,9175,60.600000,303.100000,,29,303.100000,0,,2023-08-25T16:04:20-05:00
1692997460.400000,ada16f,DAL1028 ,44.584579,-93.244040,11650,138.200000,342.100000,2452,88,342.100000,1216,A3,2023-08-25T16:04:20-05:00
1692997460.400000,a9db6d,,0.000000,0.000000,2075,171.300000,118.400000,,326,118.400000,64,A1,2023-08-25T16:04:20-05:00
1692997460.400000,a37b48,DAL2295 ,44.425735,-92.658299,19400,119.100000,438.200000,3023,509,438.200000,1472,A3,2023-08-25T16:04:20-05:00
1692997460.400000,a4495b,,0.000000,0.000000,0,0.000000,0.000000,,57,0.000000,0,,2023-08-25T16:04:20-05:00
1692997460.400000,a375f7,N322CG  ,44.810394,-92.800533,4875,261.500000,263.900000,3255,518,263.900000,-384,A2,2023-08-25T16:04:20-05:00
1692997460.400000,c07eee,,0.000000,0.000000,0,0.000000,0.000000,,45,0.000000,0,,2023-08-25T16:04:20-05:00
1692997460.400000,a61a4b,N4923D  ,44.847402,-92.742228,2500,272.600000,109.100000,4554,609,109.100000,0,A1,2023-08-25T16:04:20-05:00
1692997460.400000,a362a5,,0.000000,0.000000,0,0.000000,0.000000,,452,0.000000,0,A3,2023-08-25T16:04:20-05:00
1692997460.400000,a0267b,,0.000000,0.000000,0,0.000000,0.000000,,2188,0.000000,0,A3,2023-08-25T16:04:20-05:00
1692997460.400000,a669f5,,0.000000,0.000000,0,0.000000,0.000000,,721,0.000000,0,A1,2023-08-25T16:04:20-05:00
1692997460.400000,a53f84,,0.000000,0.000000,0,0.000000,0.000000,,1632,0.000000,0,A1,2023-08-25T16:04:20-05:00
1692997460.400000,a6afb2,,0.000000,0.000000,0,0.000000,0.000000,,1435,0.000000,0,A1,2023-08-25T16:04:20-05:00
1692997490.400000,a25cdc,,45.056514,-93.141018,7300,101.400000,298.900000,,5,298.900000,2368,,2023-08-25T16:04:50-05:00
1692997490.400000,acba1b,,0.000000,0.000000,7525,54.300000,283.100000,7262,56,283.100000,-1856,,2023-08-25T16:04:50-05:00
1692997490.400000,a7fe22,N614FL  ,44.863974,-93.044151,1200,204.200000,85.500000,,31,85.500000,0,A1,2023-08-25T16:04:50-05:00
1692997490.400000,a93257,SKW3874 ,45.095758,-93.041270,10650,60.200000,321.600000,4230,237,321.600000,0,A3,2023-08-25T16:04:50-05:00
1692997490.400000,ada16f,DAL1028 ,44.546721,-93.198093,12100,139.400000,362.400000,2452,143,362.400000,960,A3,2023-08-25T16:04:50-05:00
1692997490.400000,a9db6d,N734RQ  ,0.000000,0.000000,2025,149.200000,121.100000,,330,121.100000,128,A1,2023-08-25T16:04:50-05:00
1692997490.400000,a37b48,,44.396027,-92.584011,20075,119.100000,438.200000,3023,510,438.200000,1472,A3,2023-08-25T16:04:50-05:00
1692997490.400000,a4495b,,0.000000,0.000000,0,0.000000,0.000000,,57,0.000000,0,,2023-08-25T16:04:50-05:00
1692997490.400000,a375f7,N322CG  ,44.804387,-92.855842,4625,261.400000,259.900000,3255,665,259.900000,-384,A2,2023-08-25T16:04:50-05:00
1692997490.400000,c07eee,,0.000000,0.000000,0,0.000000,0.000000,,45,0.000000,0,,2023-08-25T16:04:50-05:00
1692997490.400000,a61a4b,N4923D  ,44.847122,-92.762593,2500,265.500000,101.300000,4554,689,101.300000,0,A1,2023-08-25T16:04:50-05:00
1692997490.400000,a362a5,,0.000000,0.000000,0,0.000000,0.000000,,452,0.000000,0,A3,2023-08-25T16:04:50-05:00
1692997490.400000,a0267b,DAL2287 ,44.338586,-91.465201,23000,116.900000,506.700000,,2219,506.700000,0,A3,2023-08-25T16:04:50-05:00
1692997490.400000,a669f5,,0.000000,0.000000,0,0.000000,0.000000,,721,0.000000,0,A1,2023-08-25T16:04:50-05:00
1692997490.400000,a53f84,,0.000000,0.000000,0,0.000000,0.000000,,1632,0.000000,0,A1,2023-08-25T16:04:50-05:00
1692997490.400000,a6afb2,,0.000000,0.000000,0,0.000000,0.000000,,1435,0.000000,0,A1,2023-08-25T16:04:50-05:00
1692997520.500000,abea1d,CXK445  ,0.000000,0.000000,1550,3.800000,76.200000,,6,76.200000,576,A1,2023-08-25T16:05:20-05:00
1692997520.500000,a25cdc,,45.050230,-93.123668,7750,101.400000,298.900000,,11,298.900000,2368,,2023-08-25T16:05:20-05:00
1692997520.500000,acba1b,,0.000000,0.000000,7075,54.800000,279.100000,,64,279.100000,-1024,,2023-08-25T16:05:20-05:00
1692997520.500000,a7fe22,N614FL  ,44.863974,-93.044151,1200,204.200000,85.500000,,31,85.500000,0,A1,2023-08-25T16:05:20-05:00
1692997520.500000,a93257,SKW3874 ,45.119247,-92.982984,10875,60.300000,362.800000,4230,591,362.800000,0,A3,2023-08-25T16:05:20-05:00
1692997520.500000,ada16f,DAL1028 ,44.522374,-93.168216,12425,137.700000,380.100000,2452,185,380.100000,960,A3,2023-08-25T16:05:20-05:00
1692997520.500000,a9db6d,N734RQ  ,0.000000,0.000000,2025,149.200000,121.100000,,332,121.100000,128,A1,2023-08-25T16:05:20-05:00
1692997520.500000,a37b48,,44.396027,-92.584011,20075,0.000000,0.000000,,511,0.000000,0,A3,2023-08-25T16:05:20-05:00
1692997520.500000,a375f7,N322CG  ,44.798987,-92.905482,4425,261.400000,259.900000,3255,780,259.900000,-448,A2,2023-08-25T16:05:20-05:00
1692997520.500000,c07eee,,0.000000,0.000000,0,0.000000,0.000000,,45,0.000000,0,,2023-08-25T16:05:20-05:00
1692997520.500000,a61a4b,N4923D  ,44.846331,-92.781551,2500,262.400000,98.900000,1200,729,98.900000,0,A1,2023-08-25T16:05:20-05:00
1692997520.500000,a362a5,,0.000000,0.000000,0,0.000000,0.000000,,452,0.000000,0,A3,2023-08-25T16:05:20-05:00
1692997520.500000,a0267b,DAL2287 ,44.338586,-91.465201,23000,116.900000,506.700000,,2219,506.700000,0,A3,2023-08-25T16:05:20-05:00
1692997520.500000,a669f5,,0.000000,0.000000,0,0.000000,0.000000,,721,0.000000,0,A1,2023-08-25T16:05:20-05:00
1692997550.500000,ace96a,,45.139755,-93.500846,35000,86.300000,525.100000,,35,525.100000,0,,2023-08-25T16:05:50-05:00
1692997550.500000,abea1d,CXK445  ,0.000000,0.000000,1550,3.800000,76.200000,,6,76.200000,576,A1,2023-08-25T16:05:50-05:00
1692997550.500000,a25cdc,SKW4125 ,44.999767,-93.056477,9650,134.100000,306.200000,2661,100,306.200000,2112,A3,2023-08-25T16:05:50-05:00
1692997550.500000,acba1b,,44.625961,-92.990178,6325,47.100000,276.000000,,87,276.000000,-1664,,2023-08-25T16:05:50-05:00
1692997550.500000,a7fe22,,0.000000,0.000000,0,0.000000,0.000000,,31,0.000000,0,A1,2023-08-25T16:05:50-05:00
1692997550.500000,a93257,SKW3874 ,45.143600,-92.920401,12150,64.400000,363.600000,4230,898,363.600000,0,A3,2023-08-25T16:05:50-05:00
1692997550.500000,ada16f,DAL1028 ,44.491058,-93.128095,12825,137.100000,387.800000,2452,201,387.800000,1216,A3,2023-08-25T16:05:50-05:00
1692997550.500000,a9db6d,,0.000000,0.000000,2025,149.200000,121.100000,,332,121.100000,128,A1,2023-08-25T16:05:50-05:00
1692997550.500000,a37b48,,0.000000,0.000000,0,0.000000,0.000000,,511,0.000000,0,A3,2023-08-25T16:05:50-05:00
1692997550.500000,a375f7,N322CG  ,44.793457,-92.955911,4200,261.200000,260.100000,3255,949,260.100000,-576,A2,2023-08-25T16:05:50-05:00
1692997550.500000,c07eee,,0.000000,0.000000,0,0.000000,0.000000,,45,0.000000,0,,2023-08-25T16:05:50-05:00
1692997550.500000,a61a4b,N4923D  ,44.845167,-92.803322,2400,264.800000,109.500000,1200,818,109.500000,0,A1,2023-08-25T16:05:50-05:00
1692997550.500000,a362a5,,0.000000,0.000000,0,0.000000,0.000000,,452,0.000000,0,A3,2023-08-25T16:05:50-05:00
1692997550.500000,a0267b,,0.000000,0.000000,0,0.000000,0.000000,,2219,0.000000,0,A3,2023-08-25T16:05:50-05:00
1692997550.500000,a669f5,,0.000000,0.000000,0,0.000000,0.000000,,721,0.000000,0,A1,2023-08-25T16:05:50-05:00
1692997580.600000,acdfab,,0.000000,0.000000,10400,134.300000,331.000000,,14,331.000000,1216,,2023-08-25T16:06:20-05:00
1692997580.600000,ace96a,ASA30   ,45.138565,-93.399222,35000,99.600000,531.500000,3727,124,531.500000,0,A3,2023-08-25T16:06:20-05:00
1692997580.600000,abea1d,CXK445  ,0.000000,0.000000,1550,3.800000,76.200000,,6,76.200000,576,A1,2023-08-25T16:06:20-05:00
1692997580.600000,a25cdc,SKW4125 ,44.972720,-93.011058,10400,127.900000,325.700000,2661,268,325.700000,960,A3,2023-08-25T16:06:20-05:00
1692997580.600000,acba1b,,44.670596,-92.991296,5500,343.600000,254.400000,,122,254.400000,-704,,2023-08-25T16:06:20-05:00
1692997580.600000,a7fe22,,0.000000,0.000000,0,0.000000,0.000000,,31,0.000000,0,A1,2023-08-25T16:06:20-05:00
1692997580.600000,a93257,SKW3874 ,45.158890,-92.850102,13150,75.800000,378.600000,4230,1198,378.600000,0,A3,2023-08-25T16:06:20-05:00
1692997580.600000,ada16f,,44.449566,-93.073626,13350,137.100000,387.800000,2452,204,387.800000,1216,A3,2023-08-25T16:06:20-05:00
1692997580.600000,a9db6d,N734RQ  ,44.697968,-92.948914,2000,156.200000,121.300000,,381,121.300000,0,A1,2023-08-25T16:06:20-05:00
1692997580.600000,a37b48,,0.000000,0.000000,0,0.000000,0.000000,,511,0.000000,0,A3,2023-08-25T16:06:20-05:00
1692997580.600000,a375f7,N322CG  ,44.790887,-93.002081,4000,280.400000,221.600000,3255,1071,221.600000,-384,A2,2023-08-25T16:06:20-05:00
1692997580.600000,a61a4b,N4923D  ,44.843631,-92.824491,2300,271.100000,101.000000,1200,894,101.000000,0,A1,2023-08-25T16:06:20-05:00
1692997580.600000,a362a5,,0.000000,0.000000,0,0.000000,0.000000,,452,0.000000,0,A3,2023-08-25T16:06:20-05:00
1692997580.600000,a0267b,,0.000000,0.000000,0,0.000000,0.000000,,2219,0.000000,0,A3,2023-08-25T16:06:20-05:00
1692997610.600000,a37b1c,SKW3925 ,45.118011,-93.093632,11875,75.600000,318.000000,4561,91,318.000000,2432,A3,2023-08-25T16:06:50-05:00
1692997610.600000,acdfab,,0.000000,0.000000,10400,134.300000,331.000000,,15,331.000000,1216,,2023-08-25T16:06:50-05:00
1692997610.600000,ace96a,ASA30   ,45.114120,-93.299234,35000,117.800000,533.700000,3727,236,533.700000,0,A3,2023-08-25T16:06:50-05:00
1692997610.600000,abea1d,,0.000000,0.000000,0,0.000000,0.000000,,6,0.000000,0,A1,2023-08-25T16:06:50-05:00
1692997610.600000,a25cdc,SKW4125 ,44.943579,-92.955657,10950,126.100000,350.000000,2661,491,350.000000,640,A3,2023-08-25T16:06:50-05:00
1692997610.600000,acba1b,,44.680698,-92.993172,5225,352.400000,242.100000,,128,242.100000,-448,,2023-08-25T16:06:50-05:00
1692997610.600000,a7fe22,,0.000000,0.000000,0,0.000000,0.000000,,31,0.000000,0,A1,2023-08-25T16:06:50-05:00
1692997610.600000,a93257,SKW3874 ,45.171661,-92.778560,14150,75.900000,382.500000,4230,1486,382.500000,0,A3,2023-08-25T16:06:50-05:00
1692997610.600000,ada16f,,44.449566,-93.073626,13350,0.000000,0.000000,,204,0.000000,0,A3,2023-08-25T16:06:50-05:00
1692997610.600000,a9db6d,N734RQ  ,44.697968,-92.948914,2000,156.200000,121.300000,,383,121.300000,0,A1,2023-08-25T16:06:50-05:00
1692997610.600000,a37b48,,0.000000,0.000000,0,0.000000,0.000000,,511,0.000000,0,A3,2023-08-25T16:06:50-05:00
1692997610.600000,a375f7,N322CG  ,44.803503,-93.039863,3400,301.300000,209.600000,3255,1153,209.600000,-1408,A2,2023-08-25T16:06:50-05:00
1692997610.600000,a61a4b,N4923D  ,44.844329,-92.841775,2400,272.800000,104.100000,1200,962,104.100000,0,A1,2023-08-25T16:06:50-05:00
1692997610.600000,a0267b,,0.000000,0.000000,0,0.000000,0.000000,,2219,0.000000,0,A3,2023-08-25T16:06:50-05:00
1692997640.600000,a53f84,,0.000000,0.000000,7100,165.500000,123.900000,,11,123.900000,0,,2023-08-25T16:07:20-05:00
1692997640.600000,a37b1c,SKW3925 ,45.130486,-93.032495,12900,72.900000,333.700000,4561,314,333.700000,2176,A3,2023-08-25T16:07:20-05:00
1692997640.600000,acdfab,,44.573256,-93.254231,11775,133.500000,379.100000,1664,53,379.100000,1280,,2023-08-25T16:07:20-05:00
1692997640.600000,ace96a,ASA30   ,45.076904,-93.208544,35000,120.100000,531.900000,3727,387,531.900000,64,A3,2023-08-25T16:07:20-05:00
1692997640.600000,abea1d,,0.000000,0.000000,0,0.000000,0.000000,,6,0.000000,0,A1,2023-08-25T16:07:20-05:00
1692997640.600000,a25cdc,SKW4125 ,44.914673,-92.898821,11550,125.300000,365.100000,2661,787,365.100000,1664,A3,2023-08-25T16:07:20-05:00
1692997640.600000,acba1b,,44.720919,-92.996856,4925,356.600000,200.400000,,169,200.400000,-1024,,2023-08-25T16:07:20-05:00
1692997640.600000,a7fe22,,0.000000,0.000000,0,0.000000,0.000000,,31,0.000000,0,A1,2023-08-25T16:07:20-05:00
1692997640.600000,a93257,SKW3874 ,45.185074,-92.703814,15100,75.600000,390.200000,4230,1699,390.200000,0,A3,2023-08-25T16:07:20-05:00
1692997640.600000,ada16f,,44.343846,-92.983190,14825,0.000000,0.000000,,208,0.000000,0,A3,2023-08-25T16:07:20-05:00
1692997640.600000,a9db6d,N734RQ  ,44.697968,-92.948914,2000,156.200000,121.300000,,384,121.300000,0,A1,2023-08-25T16:07:20-05:00
1692997640.600000,a37b48,,0.000000,0.000000,0,0.000000,0.000000,,511,0.000000,0,A3,2023-08-25T16:07:20-05:00
1692997640.600000,a375f7,N322CG  ,44.812271,-93.060477,3075,301.400000,195.700000,3255,1203,195.700000,-1344,A2,2023-08-25T16:07:20-05:00
1692997640.600000,a61a4b,N4923D  ,44.845734,-92.864881,2300,275.400000,105.500000,1200,1212,105.500000,0,A1,2023-08-25T16:07:20-05:00
1692997640.600000,a0267b,,0.000000,0.000000,0,0.000000,0.000000,,2219,0.000000,0,A3,2023-08-25T16:07:20-05:00
1692997670.700000,aa73b9,,0.000000,0.000000,35000,0.000000,0.000000,,8,0.000000,0,,2023-08-25T16:07:50-05:00
1692997670.700000,a53f84,N4370N  ,44.397474,-92.810088,7100,164.800000,122.300000,,48,122.300000,0,A1,2023-08-25T16:07:50-05:00
1692997670.700000,a37b1c,SKW3925 ,45.143280,-92.967551,14050,75.800000,347.600000,4561,624,347.600000,1856,A3,2023-08-25T16:07:50-05:00
1692997670.700000,acdfab,DAL943  ,44.524338,-93.183419,13225,134.000000,378.400000,1664,129,378.400000,1088,A3,2023-08-25T16:07:50-05:00
1692997670.700000,ace96a,ASA30   ,45.040733,-93.120921,35000,120.200000,530.100000,3727,510,530.100000,-64,A3,2023-08-25T16:07:50-05:00
1692997670.700000,abea1d,,0.000000,0.000000,0,0.000000,0.000000,,6,0.000000,0,A1,2023-08-25T16:07:50-05:00
1692997670.700000,a25cdc,SKW4125 ,44.884415,-92.839966,12275,126.200000,377.800000,2661,1072,377.800000,1664,A3,2023-08-25T16:07:50-05:00
1692997670.700000,acba1b,SWA2964 ,44.758394,-93.001076,4200,355.500000,179.500000,7262,237,179.500000,-1152,A3,2023-08-25T16:07:50-05:00
1692997670.700000,a7fe22,,0.000000,0.000000,0,0.000000,0.000000,,31,0.000000,0,A1,2023-08-25T16:07:50-05:00
1692997670.700000,a93257,SKW3874 ,45.198029,-92.631356,15950,75.900000,397.000000,4230,1868,397.000000,0,A3,2023-08-25T16:07:50-05:00
1692997670.700000,ada16f,,44.295868,-92.949437,15425,153.200000,421.300000,,228,421.300000,1280,A3,2023-08-25T16:07:50-05:00
1692997670.700000,a9db6d,,0.000000,0.000000,0,0.000000,0.000000,,386,0.000000,0,A1,2023-08-25T16:07:50-05:00
1692997670.700000,a37b48,,0.000000,0.000000,0,0.000000,0.000000,,511,0.000000,0,A3,2023-08-25T16:07:50-05:00
1692997670.700000,a375f7,N322CG  ,44.829200,-93.099216,2450,301.500000,172.400000,3255,1224,172.400000,-1216,A2,2023-08-25T16:07:50-05:00
1692997670.700000,a61a4b,N4923D  ,44.846098,-92.880562,2400,273.000000,96.100000,1200,1324,96.100000,0,A1,2023-08-25T16:07:50-05:00
1692997670.700000,a0267b,,0.000000,0.000000,0,0.000000,0.000000,,2219,0.000000,0,A3,2023-08-25T16:07:50-05:00
1692997700.700000,aa73b9,,0.000000,0.000000,35000,0.000000,0.000000,,8,0.000000,0,,2023-08-25T16:08:20-05:00
1692997700.700000,a53f84,N4370N  ,44.381647,-92.799169,7075,150.900000,129.400000,4266,87,129.400000,0,A1,2023-08-25T16:08:20-05:00
1692997700.700000,a37b1c,SKW3925 ,45.155640,-92.899867,15000,75.400000,361.600000,4561,924,361.600000,2752,A3,2023-08-25T16:08:20-05:00
1692997700.700000,acdfab,DAL943  ,44.488220,-93.131627,13625,134.400000,403.100000,1664,169,403.100000,1216,A3,2023-08-25T16:08:20-05:00
1692997700.700000,ace96a,ASA30   ,45.011673,-93.050668,35000,120.300000,529.300000,3727,626,529.300000,0,A3,2023-08-25T16:08:20-05:00
1692997700.700000,abea1d,,0.000000,0.000000,0,0.000000,0.000000,,6,0.000000,0,A1,2023-08-25T16:08:20-05:00
1692997700.700000,a25cdc,SKW4125 ,44.854105,-92.781484,13125,126.000000,380.800000,2661,1325,380.800000,1664,A3,2023-08-25T16:08:20-05:00
1692997700.700000,acba1b,SWA2964 ,44.782333,-93.004434,3975,343.200000,169.200000,7262,287,169.200000,0,A3,2023-08-25T16:08:20-05:00
1692997700.700000,a7fe22,,0.000000,0.000000,0,0.000000,0.000000,,31,0.000000,0,A1,2023-08-25T16:08:20-05:00
1692997700.700000,a93257,SKW3874 ,45.212464,-92.552111,16750,76.200000,405.800000,4230,2052,405.800000,0,A3,2023-08-25T16:08:20-05:00
1692997700.700000,ada16f,,44.295868,-92.949437,15425,153.200000,421.300000,,228,421.300000,1280,A3,2023-08-25T16:08:20-05:00
1692997700.700000,a9db6d,,44.644015,-92.916736,2000,157.500000,125.500000,1200,407,125.500000,64,A1,2023-08-25T16:08:20-05:00
1692997700.700000,a37b48,,0.000000,0.000000,0,0.000000,0.000000,,511,0.000000,0,A3,2023-08-25T16:08:20-05:00
1692997700.700000,a375f7,,44.836075,-93.115082,2200,301.500000,124.300000,3255,1238,124.300000,-640,A2,2023-08-25T16:08:20-05:00
1692997700.700000,a61a4b,N4923D  ,44.847728,-92.901061,2400,276.100000,103.600000,1200,1399,103.600000,0,A1,2023-08-25T16:08:20-05:00
1692997700.700000,a0267b,,0.000000,0.000000,0,0.000000,0.000000,,2219,0.000000,0,A3,2023-08-25T16:08:20-05:00
1692997730.700000,a122c9,,0.000000,0.000000,2850,239.700000,89.200000,1200,19,89.200000,0,,2023-08-25T16:08:50-05:00
1692997730.700000,a3db51,,44.834181,-93.503433,1775,276.300000,72.400000,,9,72.400000,512,,2023-08-25T16:08:50-05:00
1692997730.700000,a35605,,0.000000,0.000000,0,137.800000,308.000000,,5,308.000000,2176,,2023-08-25T16:08:50-05:00
1692997730.700000,aa73b9,,0.000000,0.000000,35000,101.800000,529.100000,,11,529.100000,0,,2023-08-25T16:08:50-05:00
1692997730.700000,a53f84,N4370N  ,44.381647,-92.799169,7075,150.900000,129.400000,4266,87,129.400000,0,A1,2023-08-25T16:08:50-05:00
1692997730.700000,a37b1c,SKW3925 ,45.168320,-92.828718,16000,75.900000,376.400000,4561,1214,376.400000,2176,A3,2023-08-25T16:08:50-05:00
1692997730.700000,acdfab,DAL943  ,44.488220,-93.131627,13625,134.500000,405.200000,,175,405.200000,2432,A3,2023-08-25T16:08:50-05:00
1692997730.700000,ace96a,ASA30   ,44.967133,-92.944074,35000,120.700000,529.100000,3727,770,529.100000,0,A3,2023-08-25T16:08:50-05:00
1692997730.700000,abea1d,,0.000000,0.000000,0,0.000000,0.000000,,6,0.000000,0,A1,2023-08-25T16:08:50-05:00
1692997730.700000,a25cdc,SKW4125 ,44.821938,-92.719183,14000,126.000000,386.700000,2661,1506,386.700000,1728,A3,2023-08-25T16:08:50-05:00
1692997730.700000,acba1b,SWA2964 ,44.796287,-93.023920,3575,305.500000,170.700000,7262,368,170.700000,-1280,A3,2023-08-25T16:08:50-05:00
1692997730.700000,a7fe22,,0.000000,0.000000,0,0.000000,0.000000,,31,0.000000,0,A1,2023-08-25T16:08:50-05:00
1692997730.700000,a93257,SKW3874 ,45.220239,-92.508031,17275,76.200000,409.900000,4230,2079,409.900000,0,A3,2023-08-25T16:08:50-05:00
1692997730.700000,ada16f,,0.000000,0.000000,0,0.000000,0.000000,,228,0.000000,0,A3,2023-08-25T16:08:50-05:00
1692997730.700000,a9db6d,,44.644015,-92.916736,2000,157.500000,125.500000,1200,410,125.500000,64,A1,2023-08-25T16:08:50-05:00
1692997730.700000,a37b48,,0.000000,0.000000,0,0.000000,0.000000,,511,0.000000,0,A3,2023-08-25T16:08:50-05:00
1692997730.700000,a375f7,,44.836075,-93.115082,1925,301.500000,124.300000,3255,1242,124.300000,-640,A2,2023-08-25T16:08:50-05:00
1692997730.700000,a61a4b,N4923D  ,44.849625,-92.922952,2200,276.800000,100.700000,1200,1522,100.700000,0,A1,2023-08-25T16:08:50-05:00
1692997730.700000,a0267b,,0.000000,0.000000,0,0.000000,0.000000,,2219,0.000000,0,A3,2023-08-25T16:08:50-05:00
1692997760.800000,a122c9,N172YH  ,45.329916,-92.793810,2850,278.400000,81.900000,1200,40,81.900000,0,A1,2023-08-25T16:09:20-05:00
1692997760.800000,a3db51,,44.834181,-93.503433,1775,276.300000,72.400000,,9,72.400000,512,,2023-08-25T16:09:20-05:00
1692997760.800000,a35605,,44.589340,-93.253457,10875,105.300000,356.600000,,42,356.600000,1088,,2023-08-25T16:09:20-05:00
1692997760.800000,aa73b9,,0.000000,0.000000,35000,101.800000,529.100000,,11,529.100000,0,,2023-08-25T16:09:20-05:00
1692997760.800000,a53f84,,44.349107,-92.772440,6975,0.000000,0.000000,,91,0.000000,0,A1,2023-08-25T16:09:20-05:00
1692997760.800000,a37b1c,SKW3925 ,45.181042,-92.756898,17125,76.100000,382.200000,4561,1448,382.200000,2368,A3,2023-08-25T16:09:20-05:00
1692997760.800000,acdfab,DAL943  ,44.488220,-93.131627,13625,134.500000,405.200000,,175,405.200000,2432,A3,2023-08-25T16:09:20-05:00
1692997760.800000,ace96a,ASA30   ,44.928909,-92.853568,35000,120.800000,528.700000,3727,973,528.700000,0,A3,2023-08-25T16:09:20-05:00
1692997760.800000,abea1d,,0.000000,0.000000,0,0.000000,0.000000,,6,0.000000,0,A1,2023-08-25T16:09:20-05:00
1692997760.800000,a25cdc,SKW4125 ,44.789978,-92.657253,14800,126.000000,391.600000,2661,1678,391.600000,1472,A3,2023-08-25T16:09:20-05:00
1692997760.800000,acba1b,SWA2964 ,44.809555,-93.053998,3125,300.800000,146.600000,7262,436,146.600000,-896,A3,2023-08-25T16:09:20-05:00
1692997760.800000,a93257,SKW3874 ,45.239791,-92.397364,18350,75.900000,422.700000,,2129,422.700000,0,A3,2023-08-25T16:09:20-05:00
1692997760.800000,ada16f,,0.000000,0.000000,0,0.000000,0.000000,,228,0.000000,0,A3,2023-08-25T16:09:20-05:00
1692997760.800000,a9db6d,,0.000000,0.000000,0,0.000000,0.000000,,410,0.000000,0,A1,2023-08-25T16:09:20-05:00
1692997760.800000,a37b48,,0.000000,0.000000,0,0.000000,0.000000,,511,0.000000,0,A3,2023-08-25T16:09:20-05:00
1692997760.800000,a375f7,,44.836075,-93.115082,1925,301.500000,124.300000,3255,1242,124.300000,-640,A2,2023-08-25T16:09:20-05:00
1692997760.800000,a61a4b,N4923D  ,44.850861,-92.943290,2000,273.300000,105.200000,1200,1667,105.200000,0,A1,2023-08-25T16:09:20-05:00
1692997760.800000,a0267b,,0.000000,0.000000,0,0.000000,0.000000,,2219,0.000000,0,A3,2023-08-25T16:09:20-05:00
1692997790.800000,a122c9,N172YH  ,45.329916,-92.793810,2850,278.400000,81.900000,1200,41,81.900000,0,A1,2023-08-25T16:09:50-05:00
1692997790.800000,a3db51,,44.834181,-93.503433,1775,276.300000,72.400000,,9,72.400000,512,,2023-08-25T16:09:50-05:00
1692997790.800000,a35605,DAL1529 ,44.576980,-93.172972,12150,102.300000,356.200000,,91,356.200000,1792,A3,2023-08-25T16:09:50-05:00
1692997790.800000,aa73b9,,0.000000,0.000000,35000,101.800000,529.100000,,11,529.100000,0,,2023-08-25T16:09:50-05:00
1692997790.800000,a53f84,,44.349107,-92.772440,6975,0.000000,0.000000,,92,0.000000,0,A1,2023-08-25T16:09:50-05:00
1692997790.800000,a37b1c,SKW3925 ,45.193797,-92.684616,18350,76.000000,384.400000,4561,1627,384.400000,2368,A3,2023-08-25T16:09:50-05:00
1692997790.800000,acdfab,DAL943  ,0.000000,0.000000,16250,154.600000,409.700000,,182,409.700000,1024,A3,2023-08-25T16:09:50-05:00
1692997790.800000,ace96a,ASA30   ,44.891098,-92.764696,35000,120.900000,527.900000,3727,1201,527.900000,128,A3,2023-08-25T16:09:50-05:00
1692997790.800000,abea1d,,0.000000,0.000000,0,0.000000,0.000000,,6,0.000000,0,A1,2023-08-25T16:09:50-05:00
1692997790.800000,a25cdc,SKW4125 ,44.758392,-92.596174,15625,126.000000,393.000000,2661,1787,393.000000,1984,A3,2023-08-25T16:09:50-05:00
1692997790.800000,acba1b,SWA2964 ,44.815796,-93.068455,2900,300.800000,146.600000,7262,523,146.600000,-832,A3,2023-08-25T16:09:50-05:00
1692997790.800000,a93257,SKW3874 ,45.240535,-92.393077,18375,75.500000,422.500000,,2138,422.500000,0,A3,2023-08-25T16:09:50-05:00
1692997790.800000,ada16f,,0.000000,0.000000,0,0.000000,0.000000,,228,0.000000,0,A3,2023-08-25T16:09:50-05:00
1692997790.800000,a9db6d,,0.000000,0.000000,0,0.000000,0.000000,,410,0.000000,0,A1,2023-08-25T16:09:50-05:00
1692997790.800000,a37b48,,0.000000,0.000000,0,0.000000,0.000000,,511,0.000000,0,A3,2023-08-25T16:09:50-05:00
1692997790.800000,a375f7,,0.000000,0.000000,0,0.000000,0.000000,,1242,0.000000,0,A2,2023-08-25T16:09:50-05:00
1692997790.800000,a61a4b,N4923D  ,44.852234,-92.958984,1900,283.800000,105.000000,1200,1717,105.000000,0,A1,2023-08-25T16:09:50-05:00
1692997820.800000,a122c9,,0.000000,0.000000,2850,0.000000,0.000000,,41,0.000000,0,A1,2023-08-25T16:10:20-05:00
1692997820.800000,a3db51,,0.000000,0.000000,0,0.000000,0.000000,,9,0.000000,0,,2023-08-25T16:10:20-05:00
1692997820.800000,a35605,DAL1529 ,44.567368,-93.112793,12950,102.600000,360.800000,,118,360.800000,2176,A3,2023-08-25T16:10:20-05:00
1692997820.800000,aa73b9,,0.000000,0.000000,0,0.000000,0.000000,,11,0.000000,0,,2023-08-25T16:10:20-05:00
1692997820.800000,a53f84,,44.349107,-92.772440,6975,0.000000,0.000000,,92,0.000000,0,A1,2023-08-25T16:10:20-05:00
1692997820.800000,a37b1c,SKW3925 ,45.206645,-92.611799,19325,75.900000,390.700000,4561,1773,390.700000,1408,A3,2023-08-25T16:10:20-05:00
1692997820.800000,acdfab,,0.000000,0.000000,17075,154.600000,409.700000,,184,409.700000,1024,A3,2023-08-25T16:10:20-05:00
1692997820.800000,ace96a,ASA30   ,44.853966,-92.677449,35000,121.000000,528.400000,3727,1393,528.400000,64,A3,2023-08-25T16:10:20-05:00
1692997820.800000,a25cdc,SKW4125 ,44.729904,-92.541191,16275,126.000000,398.000000,2661,1987,398.000000,896,A3,2023-08-25T16:10:20-05:00
1692997820.800000,acba1b,SWA2964 ,44.822800,-93.084542,2650,300.900000,148.000000,7262,539,148.000000,-768,A3,2023-08-25T16:10:20-05:00
1692997820.800000,a93257,SKW3874 ,45.240535,-92.393077,18375,75.500000,422.500000,,2138,422.500000,0,A3,2023-08-25T16:10:20-05:00
1692997820.800000,ada16f,,0.000000,0.000000,0,0.000000,0.000000,,228,0.000000,0,A3,2023-08-25T16:10:20-05:00
1692997820.800000,a9db6d,,0.000000,0.000000,0,0.000000,0.000000,,410,0.000000,0,A1,2023-08-25T16:10:20-05:00
1692997820.800000,a375f7,,0.000000,0.000000,0,0.000000,0.000000,,1242,0.000000,0,A2,2023-08-25T16:10:20-05:00
1692997820.800000,a61a4b,N4923D  ,44.856805,-92.978501,1800,294.000000,98.500000,1200,1775,98.500000,0,A1,2023-08-25T16:10:20-05:00
1692997850.900000,a4ebf1,,0.000000,0.000000,12150,3.100000,314.500000,,11,314.500000,0,,2023-08-25T16:10:50-05:00
1692997850.900000,a122c9,,0.000000,0.000000,2850,0.000000,0.000000,,41,0.000000,0,A1,2023-08-25T16:10:50-05:00
1692997850.900000,a3db51,,0.000000,0.000000,0,0.000000,0.000000,,9,0.000000,0,,2023-08-25T16:10:50-05:00
1692997850.900000,a35605,,44.555740,-93.043801,13825,106.900000,368.900000,,156,368.900000,1792,A3,2023-08-25T16:10:50-05:00
1692997850.900000,aa73b9,,0.000000,0.000000,0,0.000000,0.000000,,11,0.000000,0,,2023-08-25T16:10:50-05:00
1692997850.900000,a53f84,,0.000000,0.000000,0,0.000000,0.000000,,92,0.000000,0,A1,2023-08-25T16:10:50-05:00
1692997850.900000,a37b1c,SKW3925 ,45.220518,-92.532617,20100,76.100000,411.100000,4561,1919,411.100000,1536,A3,2023-08-25T16:10:50-05:00
1692997850.900000,acdfab,,44.297699,-92.950810,17100,0.000000,0.000000,,186,0.000000,0,A3,2023-08-25T16:10:50-05:00
1692997850.900000,ace96a,ASA30   ,44.814880,-92.586103,35000,121.000000,528.400000,3727,1551,528.400000,64,A3,2023-08-25T16:10:50-05:00
1692997850.900000,a25cdc,SKW4125 ,44.712204,-92.507041,16550,126.100000,403.600000,2661,2019,403.600000,1088,A3,2023-08-25T16:10:50-05:00
1692997850.900000,acba1b,,44.822800,-93.084542,2650,300.900000,148.000000,,539,148.000000,-768,A3,2023-08-25T16:10:50-05:00
1692997850.900000,a93257,,0.000000,0.000000,0,75.500000,422.500000,,2138,422.500000,0,A3,2023-08-25T16:10:50-05:00
1692997850.900000,ada16f,,0.000000,0.000000,0,0.000000,0.000000,,228,0.000000,0,A3,2023-08-25T16:10:50-05:00
1692997850.900000,a9db6d,,0.000000,0.000000,0,0.000000,0.000000,,410,0.000000,0,A1,2023-08-25T16:10:50-05:00
1692997850.900000,a375f7,,0.000000,0.000000,0,0.000000,0.000000,,1242,0.000000,0,A2,2023-08-25T16:10:50-05:00
1692997850.900000,a61a4b,N4923D  ,44.861880,-92.998933,1600,286.100000,93.700000,1200,1853,93.700000,0,A1,2023-08-25T16:10:50-05:00
1692997880.900000,a4ebf1,,0.000000,0.000000,12150,3.100000,314.500000,,13,314.500000,0,,2023-08-25T16:11:20-05:00
1692997880.900000,a122c9,,0.000000,0.000000,0,0.000000,0.000000,,41,0.000000,0,A1,2023-08-25T16:11:20-05:00
1692997880.900000,a3db51,,0.000000,0.000000,0,0.000000,0.000000,,9,0.000000,0,,2023-08-25T16:11:20-05:00
1692997880.900000,a35605,,44.534317,-92.980172,14575,116.700000,380.600000,,252,380.600000,896,A3,2023-08-25T16:11:20-05:00
1692997880.900000,aa73b9,,0.000000,0.000000,0,0.000000,0.000000,,11,0.000000,0,,2023-08-25T16:11:20-05:00
1692997880.900000,a53f84,,0.000000,0.000000,0,0.000000,0.000000,,92,0.000000,0,A1,2023-08-25T16:11:20-05:00
1692997880.900000,a37b1c,SKW3925 ,45.222839,-92.519531,20225,76.100000,412.100000,4561,1936,412.100000,1408,A3,2023-08-25T16:11:20-05:00
1692997880.900000,acdfab,,44.297699,-92.950810,17100,0.000000,0.000000,,186,0.000000,0,A3,2023-08-25T16:11:20-05:00
1692997880.900000,ace96a,ASA30   ,44.777341,-92.498184,35000,120.900000,527.000000,3727,1756,527.000000,64,A3,2023-08-25T16:11:20-05:00
1692997880.900000,a25cdc,,44.712204,-92.507041,16950,126.100000,403.600000,2661,2023,403.600000,1088,A3,2023-08-25T16:11:20-05:00
1692997880.900000,acba1b,,0.000000,0.000000,0,0.000000,0.000000,,539,0.000000,0,A3,2023-08-25T16:11:20-05:00
1692997880.900000,a93257,,0.000000,0.000000,0,0.000000,0.000000,,2138,0.000000,0,A3,2023-08-25T16:11:20-05:00
1692997880.900000,ada16f,,0.000000,0.000000,0,0.000000,0.000000,,228,0.000000,0,A3,2023-08-25T16:11:20-05:00
1692997880.900000,a9db6d,,0.000000,0.000000,0,0.000000,0.000000,,410,0.000000,0,A1,2023-08-25T16:11:20-05:00
1692997880.900000,a375f7,,0.000000,0.000000,0,0.000000,0.000000,,1242,0.000000,0,A2,2023-08-25T16:11:20-05:00
1692997880.900000,a61a4b,N4923D  ,44.863835,-93.014474,1600,273.500000,97.200000,1200,1859,97.200000,0,A1,2023-08-25T16:11:20-05:00
1692997911.000000,a4ebf1,,0.000000,0.000000,12150,3.100000,314.500000,,13,314.500000,0,,2023-08-25T16:11:51-05:00
1692997911.000000,a122c9,,0.000000,0.000000,2975,0.000000,0.000000,,42,0.000000,0,A1,2023-08-25T16:11:51-05:00
1692997911.000000,a3db51,,0.000000,0.000000,0,0.000000,0.000000,,9,0.000000,0,,2023-08-25T16:11:51-05:00
1692997911.000000,a35605,DAL1529 ,44.506668,-92.903072,15050,116.700000,402.900000,3620,300,402.900000,768,A3,2023-08-25T16:11:51-05:00
1692997911.000000,aa73b9,,0.000000,0.000000,0,0.000000,0.000000,,11,0.000000,0,,2023-08-25T16:11:51-05:00
1692997911.000000,a53f84,,0.000000,0.000000,0,0.000000,0.000000,,92,0.000000,0,A1,2023-08-25T16:11:51-05:00
1692997911.000000,a37b1c,SKW3925 ,45.236298,-92.441973,21050,76.300000,421.000000,5740,1953,421.000000,1856,A3,2023-08-25T16:11:51-05:00
1692997911.000000,acdfab,,0.000000,0.000000,0,0.000000,0.000000,,186,0.000000,0,A3,2023-08-25T16:11:51-05:00
1692997911.000000,ace96a,ASA30   ,44.746244,-92.425634,35000,121.200000,525.800000,3727,1946,525.800000,64,A3,2023-08-25T16:11:51-05:00
1692997911.000000,a25cdc,SKW4125 ,44.625580,-92.340557,18125,126.000000,418.000000,,2069,418.000000,1600,A3,2023-08-25T16:11:51-05:00
1692997911.000000,acba1b,,0.000000,0.000000,0,0.000000,0.000000,,539,0.000000,0,A3,2023-08-25T16:11:51-05:00
1692997911.000000,a93257,,0.000000,0.000000,0,0.000000,0.000000,,2138,0.000000,0,A3,2023-08-25T16:11:51-05:00
1692997911.000000,ada16f,,0.000000,0.000000,0,0.000000,0.000000,,228,0.000000,0,A3,2023-08-25T16:11:51-05:00
1692997911.000000,a9db6d,,0.000000,0.000000,0,0.000000,0.000000,,410,0.000000,0,A1,2023-08-25T16:11:51-05:00
1692997911.000000,a375f7,,0.000000,0.000000,0,0.000000,0.000000,,1242,0.000000,0,A2,2023-08-25T16:11:51-05:00
1692997911.000000,a61a4b,N4923D  ,44.863835,-93.014474,1600,273.500000,97.200000,1200,1861,97.200000,0,A1,2023-08-25T16:11:51-05:00
1692997941.000000,ab8b56,,0.000000,0.000000,8675,0.000000,0.000000,,6,0.000000,0,,2023-08-25T16:12:21-05:00
1692997941.000000,a4ebf1,,0.000000,0.000000,0,0.000000,0.000000,,13,0.000000,0,,2023-08-25T16:12:21-05:00
1692997941.000000,a122c9,,0.000000,0.000000,2975,0.000000,0.000000,,42,0.000000,0,A1,2023-08-25T16:12:21-05:00
1692997941.000000,a3db51,,0.000000,0.000000,0,0.000000,0.000000,,9,0.000000,0,,2023-08-25T16:12:21-05:00
1692997941.000000,a35605,DAL1529 ,44.480151,-92.829314,15425,116.700000,422.200000,3620,310,422.200000,576,A3,2023-08-25T16:12:21-05:00
1692997941.000000,aa73b9,,0.000000,0.000000,0,0.000000,0.000000,,11,0.000000,0,,2023-08-25T16:12:21-05:00
1692997941.000000,a53f84,,0.000000,0.000000,0,0.000000,0.000000,,92,0.000000,0,A1,2023-08-25T16:12:21-05:00
1692997941.000000,a37b1c,,45.236298,-92.441973,21050,76.300000,421.000000,5740,1953,421.000000,1856,A3,2023-08-25T16:12:21-05:00
1692997941.000000,acdfab,,0.000000,0.000000,0,0.000000,0.000000,,186,0.000000,0,A3,2023-08-25T16:12:21-05:00
1692997941.000000,ace96a,ASA30   ,44.702159,-92.323206,35000,121.100000,525.300000,3727,2048,525.300000,-64,A3,2023-08-25T16:12:21-05:00
1692997941.000000,a25cdc,SKW4125 ,44.625580,-92.340557,18125,126.000000,418.000000,,2069,418.000000,1600,A3,2023-08-25T16:12:21-05:00
1692997941.000000,acba1b,,0.000000,0.000000,0,0.000000,0.000000,,539,0.000000,0,A3,2023-08-25T16:12:21-05:00
1692997941.000000,a93257,,0.000000,0.000000,0,0.000000,0.000000,,2138,0.000000,0,A3,2023-08-25T16:12:21-05:00
1692997941.000000,ada16f,,0.000000,0.000000,0,0.000000,0.000000,,228