ts_epoch,Hex,Flight,Lat,Lon,Alt,Track,Speed,Squawk,Messages,Groundspeed,Rate_of_climb,af_category,ts_iso8601
1693090004.200000,ad2baa,JBU96   ,44.532257,-93.172041,35000,102.000000,519.400000,3515,141,519.400000,-64,A3,2023-08-26T17:46:44-05:00
1693090004.200000,a6ff6c,N550AA  ,44.922546,-92.839966,45000,120.800000,537.700000,2435,344,537.700000,0,A3,2023-08-26T17:46:44-05:00
1693090004.200000,ade191,,0.000000,0.000000,27450,0.000000,0.000000,,39,0.000000,0,A3,2023-08-26T17:46:44-05:00
1693090004.200000,ac0b96,SWA2509 ,44.722778,-93.020848,8600,167.400000,293.100000,3637,164,293.100000,3456,A3,2023-08-26T17:46:44-05:00
1693090004.200000,aaeb1b,GAJ802  ,44.961175,-92.835478,8225,255.600000,289.100000,3170,870,289.100000,0,A1,2023-08-26T17:46:44-05:00
1693090004.200000,abb839,,0.000000,0.000000,1700,0.000000,0.000000,,167,0.000000,0,,2023-08-26T17:46:44-05:00
1693090004.200000,a44308,DAL1717 ,44.866745,-92.437722,17850,273.700000,352.800000,2441,714,352.800000,-2752,A3,2023-08-26T17:46:44-05:00
1693090004.200000,c058bf,ACA740  ,44.517207,-92.256083,40975,89.800000,547.000000,3275,909,547.000000,0,A5,2023-08-26T17:46:44-05:00
1693090004.200000,a65a7a,,0.000000,0.000000,0,0.000000,0.000000,,1189,0.000000,0,A1,2023-08-26T17:46:44-05:00
1693090004.200000,a037b2,,0.000000,0.000000,0,0.000000,0.000000,,35,0.000000,0,A3,2023-08-26T17:46:44-05:00
1693090004.200000,ad6b0c,,0.000000,0.000000,0,0.000000,0.000000,,424,0.000000,0,A3,2023-08-26T17:46:44-05:00
1693090004.200000,a59d63,ASA281  ,44.492844,-92.895159,34000,278.900000,408.900000,1375,1026,408.900000,0,A3,2023-08-26T17:46:44-05:00
1693090004.200000,abb6bc,COL854  ,44.948327,-92.996990,7775,286.400000,254.400000,1037,2323,254.400000,-64,A2,2023-08-26T17:46:44-05:00
1693090004.200000,a4efe4,,0.000000,0.000000,0,0.000000,0.000000,,417,0.000000,0,A3,2023-08-26T17:46:44-05:00
1693090004.200000,a4ce25,,0.000000,0.000000,0,0.000000,0.000000,,937,0.000000,0,A2,2023-08-26T17:46:44-05:00
1693090004.200000,ab2b2c,,0.000000,0.000000,0,0.000000,0.000000,,3674,0.000000,0,A4,2023-08-26T17:46:44-05:00
1693090034.200000,ad2baa,JBU96   ,44.515961,-93.064662,35000,102.100000,519.600000,3515,245,519.600000,0,A3,2023-08-26T17:47:14-05:00
1693090034.200000,a6ff6c,N550AA  ,44.884178,-92.749262,45000,120.700000,537.100000,2435,535,537.100000,0,A3,2023-08-26T17:47:14-05:00
1693090034.200000,ade191,,0.000000,0.000000,26700,290.500000,374.600000,,49,374.600000,-2560,A3,2023-08-26T17:47:14-05:00
1693090034.200000,ac0b96,SWA2509 ,44.650085,-92.997567,10575,166.800000,332.800000,3637,176,332.800000,1024,A3,2023-08-26T17:47:14-05:00
1693090034.200000,aaeb1b,GAJ802  ,44.951399,-92.889270,7750,256.000000,280.400000,3170,1114,280.400000,0,A1,2023-08-26T17:47:14-05:00
1693090034.200000,abb839,,0.000000,0.000000,1700,0.000000,0.000000,,241,0.000000,0,,2023-08-26T17:47:14-05:00
1693090034.200000,a44308,DAL1717 ,44.868851,-92.506191,16375,269.700000,352.000000,2441,1056,352.000000,-3072,A3,2023-08-26T17:47:14-05:00
1693090034.200000,c058bf,ACA740  ,44.517440,-92.090082,40975,89.900000,547.000000,3275,926,547.000000,0,A5,2023-08-26T17:47:14-05:00
1693090034.200000,a65a7a,,45.206925,-92.760717,3200,16.000000,134.200000,,1204,134.200000,0,A1,2023-08-26T17:47:14-05:00
1693090034.200000,ad6b0c,,0.000000,0.000000,0,0.000000,0.000000,,424,0.000000,0,A3,2023-08-26T17:47:14-05:00
1693090034.200000,a59d63,ASA281  ,44.501083,-92.969644,34000,278.700000,408.700000,1375,1217,408.700000,0,A3,2023-08-26T17:47:14-05:00
1693090034.200000,abb6bc,COL854  ,44.959213,-93.043540,7775,288.300000,254.900000,1037,2507,254.900000,64,A2,2023-08-26T17:47:14-05:00
1693090034.200000,a4efe4,,0.000000,0.000000,0,0.000000,0.000000,,417,0.000000,0,A3,2023-08-26T17:47:14-05:00
1693090034.200000,a4ce25,,0.000000,0.000000,0,0.000000,0.000000,,937,0.000000,0,A2,2023-08-26T17:47:14-05:00
1693090034.200000,ab2b2c,,0.000000,0.000000,0,0.000000,0.000000,,3674,0.000000,0,A4,2023-08-26T17:47:14-05:00
1693090064.300000,a6dfbf,,44.858528,-93.107389,3725,0.000000,0.000000,,5,0.000000,0,,2023-08-26T17:47:44-05:00
1693090064.300000,a9bb53,,45.109680,-93.469652,27950,99.200000,536.900000,,14,536.900000,0,,2023-08-26T17:47:44-05:00
1693090064.300000,ad2baa,JBU96   ,44.502031,-92.974615,35000,102.200000,519.800000,3515,470,519.800000,0,A3,2023-08-26T17:47:44-05:00
1693090064.300000,a6ff6c,N550AA  ,44.845871,-92.658822,45000,120.900000,535.900000,2435,718,535.900000,-128,A3,2023-08-26T17:47:44-05:00
1693090064.300000,ade191,,0.000000,0.000000,24225,274.300000,373.100000,,58,373.100000,-4416,A3,2023-08-26T17:47:44-05:00
1693090064.300000,ac0b96,SWA2509 ,44.650085,-92.997567,10575,167.200000,361.000000,,181,361.000000,1024,A3,2023-08-26T17:47:44-05:00
1693090064.300000,aaeb1b,GAJ802  ,44.942093,-92.941132,7775,256.100000,269.900000,3170,1396,269.900000,0,A1,2023-08-26T17:47:44-05:00
1693090064.300000,abb839,,0.000000,0.000000,1700,0.000000,0.000000,,307,0.000000,0,,2023-08-26T17:47:44-05:00
1693090064.300000,a44308,DAL1717 ,44.867931,-92.574418,14975,269.000000,351.100000,2441,1289,351.100000,-2624,A3,2023-08-26T17:47:44-05:00
1693090064.300000,c058bf,ACA740  ,44.517486,-92.005206,41000,90.000000,548.000000,3275,1084,548.000000,0,A5,2023-08-26T17:47:44-05:00
1693090064.300000,a65a7a,,45.206925,-92.760717,3200,16.000000,134.200000,,1204,134.200000,0,A1,2023-08-26T17:47:44-05:00
1693090064.300000,ad6b0c,,0.000000,0.000000,0,0.000000,0.000000,,424,0.000000,0,A3,2023-08-26T17:47:44-05:00
1693090064.300000,a59d63,ASA281  ,44.510736,-93.045759,34000,286.600000,406.900000,1375,1441,406.900000,0,A3,2023-08-26T17:47:44-05:00
1693090064.300000,abb6bc,COL854  ,44.968112,-93.086957,7775,284.800000,266.800000,1037,2617,266.800000,64,A2,2023-08-26T17:47:44-05:00
1693090064.300000,a4ce25,,0.000000,0.000000,0,0.000000,0.000000,,937,0.000000,0,A2,2023-08-26T17:47:44-05:00
1693090064.300000,ab2b2c,,0.000000,0.000000,0,0.000000,0.000000,,3674,0.000000,0,A4,2023-08-26T17:47:44-05:00
1693090094.300000,a6dfbf,,44.835764,-93.069406,4775,131.600000,224.600000,3630,42,224.600000,0,,2023-08-26T17:48:14-05:00
1693090094.300000,a9bb53,,45.093979,-93.331277,26075,99.300000,500.600000,,65,500.600000,0,,2023-08-26T17:48:14-05:00
1693090094.300000,ad2baa,JBU96   ,44.488531,-92.888065,35000,102.300000,520.000000,3515,613,520.000000,0,A3,2023-08-26T17:48:14-05:00
1693090094.300000,a6ff6c,N550AA  ,44.807646,-92.568858,45000,120.900000,533.700000,2435,894,533.700000,64,A3,2023-08-26T17:48:14-05:00
1693090094.300000,ade191,DAL2992 ,44.860153,-92.307848,22075,275.100000,362.400000,3311,154,362.400000,-4224,A3,2023-08-26T17:48:14-05:00
1693090094.300000,ac0b96,SWA2509 ,44.650085,-92.997567,10575,167.200000,361.000000,,181,361.000000,1024,A3,2023-08-26T17:48:14-05:00
1693090094.300000,aaeb1b,GAJ802  ,44.933395,-92.993055,7775,259.300000,268.700000,3170,1609,268.700000,0,A1,2023-08-26T17:48:14-05:00
1693090094.300000,abb839,,0.000000,0.000000,1900,0.000000,0.000000,,379,0.000000,0,,2023-08-26T17:48:14-05:00
1693090094.300000,a44308,DAL1717 ,44.866954,-92.643619,13650,268.800000,347.100000,2441,1602,347.100000,-2048,A3,2023-08-26T17:48:14-05:00
1693090094.300000,c058bf,ACA740  ,44.517440,-91.880739,41000,90.100000,548.000000,3275,1096,548.000000,0,A5,2023-08-26T17:48:14-05:00
1693090094.300000,a65a7a,,45.206925,-92.760717,3200,16.000000,134.200000,,1204,134.200000,0,A1,2023-08-26T17:48:14-05:00
1693090094.300000,ad6b0c,,0.000000,0.000000,0,0.000000,0.000000,,424,0.000000,0,A3,2023-08-26T17:48:14-05:00
1693090094.300000,a59d63,ASA281  ,44.539169,-93.114493,34000,307.200000,408.200000,1375,1552,408.200000,0,A3,2023-08-26T17:48:14-05:00
1693090094.300000,abb6bc,COL854  ,44.978027,-93.131954,7725,294.500000,270.300000,1037,2674,270.300000,-1152,A2,2023-08-26T17:48:14-05:00
1693090094.300000,ab2b2c,,0.000000,0.000000,0,0.000000,0.000000,,3674,0.000000,0,A4,2023-08-26T17:48:14-05:00
1693090124.400000,acb82c,,0.000000,0.000000,23525,290.700000,404.100000,,34,404.100000,-2112,,2023-08-26T17:48:44-05:00
1693090124.400000,a6dfbf,JIA5588 ,44.809341,-93.028891,5900,133.400000,254.700000,3630,165,254.700000,0,A3,2023-08-26T17:48:44-05:00
1693090124.400000,a9bb53,N726RF  ,45.082770,-93.234603,24750,99.500000,483.700000,0534,163,483.700000,0,A2,2023-08-26T17:48:44-05:00
1693090124.400000,ad2baa,JBU96   ,44.469770,-92.768957,35000,102.400000,520.200000,3515,769,520.200000,0,A3,2023-08-26T17:48:44-05:00
1693090124.400000,a6ff6c,N550AA  ,44.769424,-92.479183,45000,120.900000,533.700000,2435,1107,533.700000,-64,A3,2023-08-26T17:48:44-05:00
1693090124.400000,ade191,DAL2992 ,44.864114,-92.376597,19925,274.200000,356.000000,3311,369,356.000000,-4352,A3,2023-08-26T17:48:44-05:00
1693090124.400000,ac0b96,SWA2509 ,0.000000,0.000000,0,167.200000,361.000000,,181,361.000000,1024,A3,2023-08-26T17:48:44-05:00
1693090124.400000,aaeb1b,GAJ802  ,44.943192,-93.040597,7775,297.400000,262.500000,3170,1817,262.500000,0,A1,2023-08-26T17:48:44-05:00
1693090124.400000,abb839,,0.000000,0.000000,1800,0.000000,0.000000,,462,0.000000,0,,2023-08-26T17:48:44-05:00
1693090124.400000,a44308,DAL1717 ,44.866069,-92.710207,12700,268.800000,333.100000,2441,1837,333.100000,-1024,A3,2023-08-26T17:48:44-05:00
1693090124.400000,c058bf,,44.517440,-91.880739,41000,90.100000,548.000000,,1099,548.000000,0,A5,2023-08-26T17:48:44-05:00
1693090124.400000,a65a7a,,0.000000,0.000000,0,0.000000,0.000000,1447,1206,0.000000,0,A1,2023-08-26T17:48:44-05:00
1693090124.400000,ad6b0c,,0.000000,0.000000,0,0.000000,0.000000,,424,0.000000,0,A3,2023-08-26T17:48:44-05:00
1693090124.400000,a59d63,ASA281  ,44.571808,-93.176095,34000,306.300000,408.400000,1375,1685,408.400000,0,A3,2023-08-26T17:48:44-05:00
1693090124.400000,abb6bc,COL854  ,44.992126,-93.173218,7175,297.400000,269.300000,1037,2713,269.300000,-1280,A2,2023-08-26T17:48:44-05:00
1693090154.400000,a2b133,UAL755  ,45.721979,-93.566574,37000,105.100000,521.100000,,39,521.100000,0,A3,2023-08-26T17:49:14-05:00
1693090154.400000,acb82c,DAL2034 ,44.839488,-92.134563,22625,290.900000,382.000000,1364,123,382.000000,-704,A3,2023-08-26T17:49:14-05:00
1693090154.400000,a6dfbf,JIA5588 ,44.787955,-92.997258,6800,133.700000,270.900000,3630,326,270.900000,0,A3,2023-08-26T17:49:14-05:00
1693090154.400000,a9bb53,N726RF  ,45.072668,-93.149057,23575,99.500000,486.600000,0534,252,486.600000,0,A2,2023-08-26T17:49:14-05:00
1693090154.400000,ad2baa,JBU96   ,44.454315,-92.671687,35000,102.500000,520.400000,3515,875,520.400000,0,A3,2023-08-26T17:49:14-05:00
1693090154.400000,a6ff6c,N550AA  ,44.733810,-92.396066,45000,121.100000,534.700000,2435,1220,534.700000,0,A3,2023-08-26T17:49:14-05:00
1693090154.400000,ade191,DAL2992 ,44.867978,-92.447406,18250,274.000000,354.900000,3311,642,354.900000,-2368,A3,2023-08-26T17:49:14-05:00
1693090154.400000,ac0b96,,0.000000,0.000000,13475,167.200000,409.200000,,189,409.200000,2304,A3,2023-08-26T17:49:14-05:00
1693090154.400000,aaeb1b,GAJ802  ,44.958755,-93.080815,7775,299.400000,262.800000,3170,1994,262.800000,0,A1,2023-08-26T17:49:14-05:00
1693090154.400000,abb839,,44.948959,-92.917916,1800,268.500000,116.000000,,537,116.000000,0,,2023-08-26T17:49:14-05:00
1693090154.400000,a44308,DAL1717 ,44.864960,-92.772478,12225,268.700000,306.100000,2441,2038,306.100000,-960,A3,2023-08-26T17:49:14-05:00
1693090154.400000,c058bf,,44.517067,-91.671932,40975,90.200000,548.000000,,1179,548.000000,0,A5,2023-08-26T17:49:14-05:00
1693090154.400000,a65a7a,,0.000000,0.000000,0,0.000000,0.000000,1447,1206,0.000000,0,A1,2023-08-26T17:49:14-05:00
1693090154.400000,ad6b0c,,0.000000,0.000000,0,0.000000,0.000000,,424,0.000000,0,A3,2023-08-26T17:49:14-05:00
1693090154.400000,a59d63,ASA281  ,44.606494,-93.246996,34000,298.000000,406.600000,1375,1819,406.600000,0,A3,2023-08-26T17:49:14-05:00
1693090154.400000,abb6bc,COL854  ,45.003342,-93.202842,6775,297.400000,269.300000,1037,2719,269.300000,-1280,A2,2023-08-26T17:49:14-05:00
1693090184.400000,a2b133,UAL755  ,45.705231,-93.478312,37000,105.200000,521.300000,6621,93,521.300000,0,A3,2023-08-26T17:49:44-05:00
1693090184.400000,acb82c,DAL2034 ,44.854198,-92.203764,22050,279.600000,365.100000,1364,245,365.100000,-1920,A3,2023-08-26T17:49:44-05:00
1693090184.400000,a6dfbf,JIA5588 ,44.763003,-92.947083,8050,111.700000,286.300000,3630,453,286.300000,0,A3,2023-08-26T17:49:44-05:00
1693090184.400000,a9bb53,N726RF  ,45.060837,-93.046940,22175,99.400000,495.700000,0534,368,495.700000,0,A2,2023-08-26T17:49:44-05:00
1693090184.400000,ad2baa,JBU96   ,44.442770,-92.599070,35000,102.500000,520.400000,3515,937,520.400000,-64,A3,2023-08-26T17:49:44-05:00
1693090184.400000,a6ff6c,N550AA  ,44.692749,-92.301178,45000,121.300000,536.300000,2435,1338,536.300000,0,A3,2023-08-26T17:49:44-05:00
1693090184.400000,ade191,DAL2992 ,44.869421,-92.509840,17075,267.700000,347.300000,3311,915,347.300000,-3008,A3,2023-08-26T17:49:44-05:00
1693090184.400000,ac0b96,,0.000000,0.000000,14125,167.100000,412.400000,,194,412.400000,2304,A3,2023-08-26T17:49:44-05:00
1693090184.400000,aaeb1b,GAJ802  ,44.978586,-93.128893,7775,300.700000,262.700000,3170,2077,262.700000,0,A1,2023-08-26T17:49:44-05:00
1693090184.400000,abb839,,44.948327,-92.947752,1700,269.500000,116.000000,,594,116.000000,0,,2023-08-26T17:49:44-05:00
1693090184.400000,a44308,DAL1717 ,44.874774,-92.828444,11325,293.600000,292.400000,2441,2292,292.400000,-1920,A3,2023-08-26T17:49:44-05:00
1693090184.400000,c058bf,,44.517067,-91.671932,40975,90.200000,548.000000,,1183,548.000000,0,A5,2023-08-26T17:49:44-05:00
1693090184.400000,a65a7a,,0.000000,0.000000,0,0.000000,0.000000,1447,1206,0.000000,0,A1,2023-08-26T17:49:44-05:00
1693090184.400000,ad6b0c,,0.000000,0.000000,0,0.000000,0.000000,,424,0.000000,0,A3,2023-08-26T17:49:44-05:00
1693090184.400000,a59d63,ASA281  ,44.623020,-93.316464,34000,288.500000,407.000000,1375,1895,407.000000,0,A3,2023-08-26T17:49:44-05:00
1693090184.400000,abb6bc,,45.003342,-93.202842,5900,0.000000,0.000000,1037,2724,0.000000,0,A2,2023-08-26T17:49:44-05:00
1693090214.500000,a2b133,UAL755  ,45.705231,-93.478312,37000,105.200000,521.300000,6621,94,521.300000,0,A3,2023-08-26T17:50:14-05:00
1693090214.500000,acb82c,DAL2034 ,44.857498,-92.256710,21150,274.300000,360.000000,1364,347,360.000000,-2432,A3,2023-08-26T17:50:14-05:00
1693090214.500000,a6dfbf,JIA5588 ,44.748734,-92.895290,9325,111.000000,290.300000,3630,633,290.300000,0,A3,2023-08-26T17:50:14-05:00
1693090214.500000,a9bb53,N726RF  ,45.049530,-92.951137,20875,99.500000,501.900000,0534,552,501.900000,0,A2,2023-08-26T17:50:14-05:00
1693090214.500000,ad2baa,JBU96   ,44.422706,-92.473800,35000,102.600000,520.600000,3515,975,520.600000,0,A3,2023-08-26T17:50:14-05:00
1693090214.500000,a6ff6c,N550AA  ,44.654114,-92.212176,45000,121.300000,535.800000,2435,1474,535.800000,-64,A3,2023-08-26T17:50:14-05:00
1693090214.500000,ade191,DAL2992 ,44.868027,-92.582310,15675,269.200000,342.000000,3311,1112,342.000000,-2176,A3,2023-08-26T17:50:14-05:00
1693090214.500000,ac0b96,,0.000000,0.000000,14125,167.100000,412.400000,,194,412.400000,2304,A3,2023-08-26T17:50:14-05:00
1693090214.500000,aaeb1b,GAJ802  ,44.991807,-93.160043,7500,301.100000,273.200000,3170,2106,273.200000,0,A1,2023-08-26T17:50:14-05:00
1693090214.500000,abb839,,44.948467,-92.959610,1700,273.000000,115.200000,,636,115.200000,0,,2023-08-26T17:50:14-05:00
1693090214.500000,a44308,DAL1717 ,44.890695,-92.878418,10225,294.000000,287.900000,2441,2517,287.900000,-2880,A3,2023-08-26T17:50:14-05:00
1693090214.500000,c058bf,ACA740  ,44.516229,-91.452406,40975,90.400000,548.000000,3275,1331,548.000000,0,A5,2023-08-26T17:50:14-05:00
1693090214.500000,a65a7a,,0.000000,0.000000,0,0.000000,0.000000,,1206,0.000000,0,A1,2023-08-26T17:50:14-05:00
1693090214.500000,ad6b0c,,0.000000,0.000000,0,0.000000,0.000000,,424,0.000000,0,A3,2023-08-26T17:50:14-05:00
1693090214.500000,a59d63,ASA281  ,44.626558,-93.349222,34000,278.400000,409.400000,1375,1922,409.400000,0,A3,2023-08-26T17:50:14-05:00
1693090214.500000,abb6bc,,0.000000,0.000000,5900,0.000000,0.000000,1037,2724,0.000000,0,A2,2023-08-26T17:50:14-05:00
1693090244.500000,a605f0,,0.000000,0.000000,0,0.000000,0.000000,,5,0.000000,0,,2023-08-26T17:50:44-05:00
1693090244.500000,a2b133,,45.705231,-93.478312,37000,105.200000,521.300000,,94,521.300000,0,A3,2023-08-26T17:50:44-05:00
1693090244.500000,acb82c,DAL2034 ,44.862997,-92.343303,19650,275.300000,357.500000,1364,525,357.500000,-2496,A3,2023-08-26T17:50:44-05:00
1693090244.500000,a6dfbf,JIA5588 ,44.733535,-92.840100,10450,111.200000,303.600000,3630,798,303.600000,0,A3,2023-08-26T17:50:44-05:00
1693090244.500000,a9bb53,N726RF  ,45.038040,-92.855791,19550,99.300000,477.300000,0534,854,477.300000,0,A2,2023-08-26T17:50:44-05:00
1693090244.500000,ad2baa,JBU96   ,44.422440,-92.472185,35000,102.600000,520.600000,3515,977,520.600000,0,A3,2023-08-26T17:50:44-05:00
1693090244.500000,a6ff6c,N550AA  ,44.615479,-92.122706,45000,121.100000,534.700000,2435,1635,534.700000,0,A3,2023-08-26T17:50:44-05:00
1693090244.500000,ade191,DAL2992 ,44.867186,-92.649179,14525,268.700000,342.100000,3311,1444,342.100000,-2240,A3,2023-08-26T17:50:44-05:00
1693090244.500000,ac0b96,,0.000000,0.000000,0,0.000000,0.000000,,194,0.000000,0,A3,2023-08-26T17:50:44-05:00
1693090244.500000,aaeb1b,GAJ802  ,45.005814,-93.193359,7100,300.400000,280.600000,3170,2129,280.600000,0,A1,2023-08-26T17:50:44-05:00
1693090244.500000,abb839,,44.948467,-92.959610,1700,273.000000,115.200000,1200,678,115.200000,0,,2023-08-26T17:50:44-05:00
1693090244.500000,a44308,DAL1717 ,44.907532,-92.931257,8875,294.200000,287.300000,2441,2819,287.300000,-2560,A3,2023-08-26T17:50:44-05:00
1693090244.500000,c058bf,ACA740  ,44.515671,-91.348438,40975,90.400000,547.000000,3275,1605,547.000000,0,A5,2023-08-26T17:50:44-05:00
1693090244.500000,a65a7a,,0.000000,0.000000,0,0.000000,0.000000,,1206,0.000000,0,A1,2023-08-26T17:50:44-05:00
1693090244.500000,a59d63,ASA281  ,44.640244,-93.475565,34000,278.400000,408.400000,1375,1936,408.400000,0,A3,2023-08-26T17:50:44-05:00
1693090244.500000,abb6bc,,0.000000,0.000000,5900,0.000000,0.000000,1037,2724,0.000000,0,A2,2023-08-26T17:50:44-05:00
1693090274.500000,a66175,,0.000000,0.000000,30000,302.000000,280.800000,,6,280.800000,0,,2023-08-26T17:51:14-05:00
1693090274.500000,a605f0,,0.000000,0.000000,0,0.000000,0.000000,,5,0.000000,0,,2023-08-26T17:51:14-05:00
1693090274.500000,a2b133,,0.000000,0.000000,37000,0.000000,0.000000,,97,0.000000,0,A3,2023-08-26T17:51:14-05:00
1693090274.500000,acb82c,DAL2034 ,44.866516,-92.412153,18325,273.600000,353.700000,1364,780,353.700000,-2944,A3,2023-08-26T17:51:14-05:00
1693090274.500000,a6dfbf,JIA5588 ,44.718018,-92.784184,11250,111.100000,321.600000,3630,945,321.600000,0,A3,2023-08-26T17:51:14-05:00
1693090274.500000,a9bb53,N726RF  ,45.027280,-92.765205,18325,99.700000,457.500000,0534,1138,457.500000,0,A2,2023-08-26T17:51:14-05:00
1693090274.500000,ad2baa,,44.392548,-92.286726,35000,102.800000,522.100000,,992,522.100000,0,A3,2023-08-26T17:51:14-05:00
1693090274.500000,a6ff6c,N550AA  ,44.577484,-92.034760,45000,121.300000,532.700000,2435,1814,532.700000,0,A3,2023-08-26T17:51:14-05:00
1693090274.500000,ade191,DAL2992 ,44.866116,-92.715901,13400,269.000000,336.100000,3311,1700,336.100000,-1664,A3,2023-08-26T17:51:14-05:00
1693090274.500000,ac0b96,,0.000000,0.000000,0,0.000000,0.000000,,194,0.000000,0,A3,2023-08-26T17:51:14-05:00
1693090274.500000,aaeb1b,,45.005814,-93.193359,7100,300.500000,277.500000,3170,2132,277.500000,0,A1,2023-08-26T17:51:14-05:00
1693090274.500000,abb839,,0.000000,0.000000,1500,0.000000,0.000000,1200,707,0.000000,0,,2023-08-26T17:51:14-05:00
1693090274.500000,a44308,DAL1717 ,44.923187,-92.980695,8025,294.100000,271.700000,2441,3069,271.700000,-1408,A3,2023-08-26T17:51:14-05:00
1693090274.500000,c058bf,ACA740  ,44.514972,-91.241120,41000,90.500000,547.000000,3275,1729,547.000000,0,A5,2023-08-26T17:51:14-05:00
1693090274.500000,a65a7a,,0.000000,0.000000,0,0.000000,0.000000,,1206,0.000000,0,A1,2023-08-26T17:51:14-05:00
1693090274.500000,a59d63,,44.640244,-93.475565,34000,278.400000,408.400000,,1937,408.400000,0,A3,2023-08-26T17:51:14-05:00
1693090274.500000,abb6bc,,0.000000,0.000000,0,0.000000,0.000000,,2724,0.000000,0,A2,2023-08-26T17:51:14-05:00
1693090304.600000,a16ff1,,0.000000,0.000000,36025,0.000000,0.000000,,6,0.000000,0,,2023-08-26T17:51:44-05:00
1693090304.600000,a66175,,44.947311,-92.056209,30000,301.900000,281.600000,5622,17,281.600000,0,,2023-08-26T17:51:44-05:00
1693090304.600000,a605f0,,0.000000,0.000000,0,0.000000,0.000000,,5,0.000000,0,,2023-08-26T17:51:44-05:00
1693090304.600000,a2b133,,45.624126,-93.060654,37000,105.400000,521.900000,,135,521.900000,0,A3,2023-08-26T17:51:44-05:00
1693090304.600000,acb82c,DAL2034 ,44.869468,-92.481101,16925,272.400000,351.300000,1364,1065,351.300000,-2432,A3,2023-08-26T17:51:44-05:00
1693090304.600000,a6dfbf,JIA5588 ,44.702112,-92.726820,11950,111.200000,340.000000,3630,1014,340.000000,0,A3,2023-08-26T17:51:44-05:00
1693090304.600000,a9bb53,N726RF  ,45.016479,-92.675956,16850,99.600000,450.300000,0534,1348,450.300000,0,A2,2023-08-26T17:51:44-05:00
1693090304.600000,ad2baa,,44.379738,-92.208520,35000,102.800000,522.100000,,1000,522.100000,0,A3,2023-08-26T17:51:44-05:00
1693090304.600000,a6ff6c,N550AA  ,44.557892,-91.989768,45000,121.500000,532.400000,2435,1901,532.400000,-64,A3,2023-08-26T17:51:44-05:00
1693090304.600000,ade191,DAL2992 ,44.865976,-92.779139,12900,274.900000,307.100000,3311,1969,307.100000,-768,A3,2023-08-26T17:51:44-05:00
1693090304.600000,ac0b96,,0.000000,0.000000,0,0.000000,0.000000,,194,0.000000,0,A3,2023-08-26T17:51:44-05:00
1693090304.600000,aaeb1b,,0.000000,0.000000,0,300.500000,277.500000,,2132,277.500000,0,A1,2023-08-26T17:51:44-05:00
1693090304.600000,abb839,,0.000000,0.000000,1400,0.000000,0.000000,,711,0.000000,0,,2023-08-26T17:51:44-05:00
1693090304.600000,a44308,DAL1717 ,44.938156,-93.027584,7750,294.500000,258.200000,2441,3251,258.200000,-64,A3,2023-08-26T17:51:44-05:00
1693090304.600000,c058bf,ACA740  ,44.514267,-91.144867,40975,90.600000,546.000000,3275,1803,546.000000,0,A5,2023-08-26T17:51:44-05:00
1693090304.600000,a65a7a,,0.000000,0.000000,0,0.000000,0.000000,,1206,0.000000,0,A1,2023-08-26T17:51:44-05:00
1693090304.600000,a59d63,,44.651929,-93.586902,34000,278.300000,408.300000,,1946,408.300000,0,A3,2023-08-26T17:51:44-05:00
1693090304.600000,abb6bc,,0.000000,0.000000,0,0.000000,0.000000,,2724,0.000000,0,A2,2023-08-26T17:51:44-05:00
1693090334.600000,a16ff1,,45.489171,-92.253403,36000,285.400000,403.400000,,54,403.400000,0,,2023-08-26T17:52:14-05:00
1693090334.600000,a66175,N510AF  ,44.981891,-92.134094,30000,301.900000,281.600000,5622,29,281.600000,0,A1,2023-08-26T17:52:14-05:00
1693090334.600000,a605f0,,0.000000,0.000000,0,0.000000,0.000000,,5,0.000000,0,,2023-08-26T17:52:14-05:00
1693090334.600000,a2b133,UAL755  ,45.605179,-92.963219,37000,105.400000,521.900000,6621,279,521.900000,0,A3,2023-08-26T17:52:14-05:00
1693090334.600000,acb82c,DAL2034 ,44.867889,-92.549351,15775,268.500000,346.100000,1364,1283,346.100000,-2176,A3,2023-08-26T17:52:14-05:00
1693090334.600000,a6dfbf,JIA5588 ,44.685353,-92.666462,12675,111.400000,355.600000,3630,1066,355.600000,0,A3,2023-08-26T17:52:14-05:00
1693090334.600000,a9bb53,N726RF  ,45.006363,-92.592643,15725,99.700000,434.200000,0534,1483,434.200000,0,A2,2023-08-26T17:52:14-05:00
1693090334.600000,ad2baa,,44.361629,-92.097920,35000,102.900000,522.300000,3515,1048,522.300000,0,A3,2023-08-26T17:52:14-05:00
1693090334.600000,a6ff6c,N550AA  ,44.557892,-91.989768,45000,121.500000,532.400000,2435,1901,532.400000,-64,A3,2023-08-26T17:52:14-05:00
1693090334.600000,ade191,DAL2992 ,44.876816,-92.833753,12125,294.400000,295.400000,3311,2252,295.400000,-1920,A3,2023-08-26T17:52:14-05:00
1693090334.600000,ac0b96,,0.000000,0.000000,0,0.000000,0.000000,,194,0.000000,0,A3,2023-08-26T17:52:14-05:00
1693090334.600000,aaeb1b,,0.000000,0.000000,0,0.000000,0.000000,,2132,0.000000,0,A1,2023-08-26T17:52:14-05:00
1693090334.600000,abb839,,0.000000,0.000000,1400,0.000000,0.000000,,711,0.000000,0,,2023-08-26T17:52:14-05:00
1693090334.600000,a44308,DAL1717 ,44.952889,-93.073760,7750,293.800000,257.900000,2441,3414,257.900000,0,A3,2023-08-26T17:52:14-05:00
1693090334.600000,c058bf,ACA740  ,44.514267,-91.144867,40975,90.600000,546.000000,,1803,546.000000,0,A5,2023-08-26T17:52:14-05:00
1693090334.600000,a65a7a,,0.000000,0.000000,0,0.000000,0.000000,,1206,0.000000,0,A1,2023-08-26T17:52:14-05:00
1693090334.600000,a59d63,ASA281  ,44.665429,-93.714585,34000,278.300000,407.300000,1375,1980,407.300000,0,A3,2023-08-26T17:52:14-05:00
1693090334.600000,abb6bc,,0.000000,0.000000,0,0.000000,0.000000,,2724,0.000000,0,A2,2023-08-26T17:52:14-05:00
1693090364.700000,ac058a,,44.643084,-93.213702,10675,355.200000,288.000000,6133,53,288.000000,-1408,,2023-08-26T17:52:44-05:00
1693090364.700000,a35d79,,44.153275,-93.469827,21025,0.000000,0.000000,1313,8,0.000000,0,,2023-08-26T17:52:44-05:00
1693090364.700000,a16ff1,DAL8868 ,45.504044,-92.330279,36000,285.400000,403.400000,2606,144,403.400000,0,A5,2023-08-26T17:52:44-05:00
1693090364.700000,a66175,N510AF  ,45.006564,-92.189562,30000,302.000000,280.800000,5622,47,280.800000,0,A1,2023-08-26T17:52:44-05:00
1693090364.700000,a605f0,,0.000000,0.000000,0,0.000000,0.000000,,5,0.000000,0,,2023-08-26T17:52:44-05:00
1693090364.700000,a2b133,UAL755  ,45.591167,-92.891602,37000,105.600000,521.200000,6621,324,521.200000,0,A3,2023-08-26T17:52:44-05:00
1693090364.700000,acb82c,DAL2034 ,44.867386,-92.616904,14625,269.200000,346.000000,1364,1514,346.000000,-2368,A3,2023-08-26T17:52:44-05:00
1693090364.700000,a6dfbf,JIA5588 ,44.665558,-92.595520,13475,111.400000,369.500000,3630,1117,369.500000,0,A3,2023-08-26T17:52:44-05:00
1693090364.700000,a9bb53,N726RF  ,44.996429,-92.511553,14625,99.900000,419.200000,0534,1640,419.200000,0,A2,2023-08-26T17:52:44-05:00
1693090364.700000,ad2baa,,44.361629,-92.097920,35000,102.900000,522.300000,3515,1048,522.300000,0,A3,2023-08-26T17:52:44-05:00
1693090364.700000,a6ff6c,,0.000000,0.000000,0,0.000000,0.000000,,1901,0.000000,0,A3,2023-08-26T17:52:44-05:00
1693090364.700000,ade191,DAL2992 ,44.893799,-92.886723,11175,293.800000,292.800000,3311,2515,292.800000,-1920,A3,2023-08-26T17:52:44-05:00
1693090364.700000,ac0b96,,0.000000,0.000000,0,0.000000,0.000000,,194,0.000000,0,A3,2023-08-26T17:52:44-05:00
1693090364.700000,aaeb1b,,0.000000,0.000000,0,0.000000,0.000000,,2132,0.000000,0,A1,2023-08-26T17:52:44-05:00
1693090364.700000,abb839,N854WS  ,44.941315,-93.065447,500,287.100000,13.600000,,743,13.600000,0,A7,2023-08-26T17:52:44-05:00
1693090364.700000,a44308,DAL1717 ,44.960431,-93.098078,7750,299.000000,256.000000,2441,3451,256.000000,-512,A3,2023-08-26T17:52:44-05:00
1693090364.700000,c058bf,ACA740  ,44.514267,-91.144867,40975,90.600000,546.000000,,1803,546.000000,0,A5,2023-08-26T17:52:44-05:00
1693090364.700000,a65a7a,,0.000000,0.000000,0,0.000000,0.000000,,1206,0.000000,0,A1,2023-08-26T17:52:44-05:00
1693090364.700000,a59d63,ASA281  ,44.665429,-93.714585,34000,278.300000,407.300000,1375,1980,407.300000,0,A3,2023-08-26T17:52:44-05:00
1693090364.700000,abb6bc,,0.000000,0.000000,0,0.000000,0.000000,,2724,0.000000,0,A2,2023-08-26T17:52:44-05:00
1693090394.700000,ac058a,,44.653419,-93.214908,10475,355.200000,287.000000,6133,73,287.000000,-1472,,2023-08-26T17:53:14-05:00
1693090394.700000,a35d79,,44.153275,-93.469827,21025,0.000000,0.000000,1313,8,0.000000,0,,2023-08-26T17:53:14-05:00
1693090394.700000,a16ff1,DAL8868 ,45.518685,-92.406408,36000,285.300000,404.400000,2606,201,404.400000,0,A5,2023-08-26T17:53:14-05:00
1693090394.700000,a66175,,45.020017,-92.219975,30000,302.000000,280.800000,5622,59,280.800000,0,A1,2023-08-26T17:53:14-05:00
1693090394.700000,a605f0,,0.000000,0.000000,0,0.000000,0.000000,,5,0.000000,0,,2023-08-26T17:53:14-05:00
1693090394.700000,a2b133,UAL755  ,45.566025,-92.764803,37000,106.000000,520.000000,6621,404,520.000000,0,A3,2023-08-26T17:53:14-05:00
1693090394.700000,acb82c,DAL2034 ,44.866653,-92.684130,13475,269.000000,342.100000,1364,1760,342.100000,-2304,A3,2023-08-26T17:53:14-05:00
1693090394.700000,a6dfbf,JIA5588 ,44.651550,-92.545362,14050,111.400000,378.100000,3630,1165,378.100000,0,A3,2023-08-26T17:53:14-05:00
1693090394.700000,a9bb53,N726RF  ,44.986633,-92.431379,13525,99.900000,408.000000,0534,1783,408.000000,0,A2,2023-08-26T17:53:14-05:00
1693090394.700000,ad2baa,,44.361629,-92.097920,35000,0.000000,0.000000,,1048,0.000000,0,A3,2023-08-26T17:53:14-05:00
1693090394.700000,a6ff6c,,0.000000,0.000000,0,0.000000,0.000000,,1902,0.000000,0,A3,2023-08-26T17:53:14-05:00
1693090394.700000,ade191,DAL2992 ,44.909921,-92.938776,10350,293.600000,284.800000,3311,2855,284.800000,-1344,A3,2023-08-26T17:53:14-05:00
1693090394.700000,ac0b96,,0.000000,0.000000,0,0.000000,0.000000,,194,0.000000,0,A3,2023-08-26T17:53:14-05:00
1693090394.700000,aaeb1b,,0.000000,0.000000,0,0.000000,0.000000,,2132,0.000000,0,A1,2023-08-26T17:53:14-05:00
1693090394.700000,abb839,N854WS  ,44.941670,-93.065387,500,80.500000,6.100000,,767,6.100000,0,A7,2023-08-26T17:53:14-05:00
1693090394.700000,a44308,DAL1717 ,44.960431,-93.098078,46525,301.400000,255.400000,2441,3455,255.400000,-1152,A3,2023-08-26T17:53:14-05:00
1693090394.700000,c058bf,,0.000000,0.000000,0,0.000000,0.000000,,1803,0.000000,0,A5,2023-08-26T17:53:14-05:00
1693090394.700000,a65a7a,,0.000000,0.000000,0,0.000000,0.000000,,1206,0.000000,0,A1,2023-08-26T17:53:14-05:00
1693090394.700000,a59d63,ASA281  ,44.665429,-93.714585,34000,278.300000,407.300000,1375,1980,407.300000,0,A3,2023-08-26T17:53:14-05:00
1693090394.700000,abb6bc,,0.000000,0.000000,0,0.000000,0.000000,,2724,0.000000,0,A2,2023-08-26T17:53:14-05:00
1693090424.700000,a105f3,N165TJ  ,44.919790,-92.815314,1800,324.000000,95.200000,,27,95.200000,0,A1,2023-08-26T17:53:44-05:00
1693090424.700000,ac058a,DAL1878 ,44.699738,-93.227301,9625,336.100000,284.300000,6133,80,284.300000,-1344,A3,2023-08-26T17:53:44-05:00
1693090424.700000,a35d79,,44.153275,-93.469827,21025,0.000000,0.000000,,8,0.000000,0,,2023-08-26T17:53:44-05:00
1693090424.700000,a16ff1,DAL8868 ,45.526971,-92.449750,36000,285.200000,404.100000,2606,319,404.100000,0,A5,2023-08-26T17:53:44-05:00
1693090424.700000,a66175,,45.020017,-92.219975,30000,302.000000,280.800000,5622,76,280.800000,0,A1,2023-08-26T17:53:44-05:00
1693090424.700000,a605f0,,0.000000,0.000000,0,0.000000,0.000000,,5,0.000000,0,,2023-08-26T17:53:44-05:00
1693090424.700000,a2b133,UAL755  ,45.549456,-92.682312,37000,105.900000,519.800000,6621,565,519.800000,0,A3,2023-08-26T17:53:44-05:00
1693090424.700000,acb82c,DAL2034 ,44.865743,-92.748525,12800,268.800000,321.100000,1364,2006,321.100000,-640,A3,2023-08-26T17:53:44-05:00
1693090424.700000,a6dfbf,JIA5588 ,44.628513,-92.463215,14950,111.400000,388.900000,3630,1198,388.900000,0,A3,2023-08-26T17:53:44-05:00
1693090424.700000,a9bb53,N726RF  ,44.980029,-92.378138,12800,99.900000,402.000000,0534,1838,402.000000,0,A2,2023-08-26T17:53:44-05:00
1693090424.700000,ad2baa,,0.000000,0.000000,0,0.000000,0.000000,,1049,0.000000,0,A3,2023-08-26T17:53:44-05:00
1693090424.700000,a6ff6c,,0.000000,0.000000,0,0.000000,0.000000,,1902,0.000000,0,A3,2023-08-26T17:53:44-05:00
1693090424.700000,ade191,DAL2992 ,44.925935,-92.989621,9450,294.100000,281.600000,3311,3088,281.600000,-1792,A3,2023-08-26T17:53:44-05:00
1693090424.700000,ac0b96,,0.000000,0.000000,0,0.000000,0.000000,,194,0.000000,0,A3,2023-08-26T17:53:44-05:00
1693090424.700000,aaeb1b,,0.000000,0.000000,0,0.000000,0.000000,,2132,0.000000,0,A1,2023-08-26T17:53:44-05:00
1693090424.700000,abb839,N854WS  ,44.941670,-93.065387,500,80.500000,6.100000,,767,6.100000,0,A7,2023-08-26T17:53:44-05:00
1693090424.700000,a44308,,0.000000,0.000000,46525,301.400000,255.400000,,3455,255.400000,-1152,A3,2023-08-26T17:53:44-05:00
1693090424.700000,c058bf,,0.000000,0.000000,0,0.000000,0.000000,,1803,0.000000,0,A5,2023-08-26T17:53:44-05:00
1693090424.700000,a59d63,,0.000000,0.000000,0,0.000000,0.000000,,1981,0.000000,0,A3,2023-08-26T17:53:44-05:00
1693090424.700000,abb6bc,,0.000000,0.000000,0,0.000000,0.000000,,2724,0.000000,0,A2,2023-08-26T17:53:44-05:00
1693090454.800000,a105f3,N165TJ  ,44.919790,-92.815314,1800,324.000000,95.200000,,27,95.200000,0,A1,2023-08-26T17:54:14-05:00
1693090454.800000,ac058a,DAL1878 ,44.699738,-93.227301,8850,336.100000,284.300000,,81,284.300000,-1344,A3,2023-08-26T17:54:14-05:00
1693090454.800000,a35d79,,0.000000,0.000000,0,0.000000,0.000000,,8,0.000000,0,,2023-08-26T17:54:14-05:00
1693090454.800000,a16ff1,DAL8868 ,45.548432,-92.562286,36000,285.100000,403.900000,2606,370,403.900000,0,A5,2023-08-26T17:54:14-05:00
1693090454.800000,a66175,,45.059921,-92.310268,30000,302.000000,280.800000,5622,91,280.800000,0,A1,2023-08-26T17:54:14-05:00
1693090454.800000,a605f0,,0.000000,0.000000,0,0.000000,0.000000,,5,0.000000,0,,2023-08-26T17:54:14-05:00
1693090454.800000,a2b133,UAL755  ,45.529439,-92.581720,37000,105.600000,519.200000,6621,694,519.200000,0,A3,2023-08-26T17:54:14-05:00
1693090454.800000,acb82c,DAL2034 ,44.869142,-92.807878,12325,286.800000,296.700000,1364,2220,296.700000,-1600,A3,2023-08-26T17:54:14-05:00
1693090454.800000,a6dfbf,JIA5588 ,44.614361,-92.412638,15475,111.600000,394.600000,3630,1292,394.600000,0,A3,2023-08-26T17:54:14-05:00
1693090454.800000,a9bb53,N726RF  ,44.969650,-92.293854,11625,100.000000,374.700000,0534,1873,374.700000,0,A2,2023-08-26T17:54:14-05:00
1693090454.800000,ad2baa,,0.000000,0.000000,0,0.000000,0.000000,,1049,0.000000,0,A3,2023-08-26T17:54:14-05:00
1693090454.800000,a6ff6c,,0.000000,0.000000,0,0.000000,0.000000,,1902,0.000000,0,A3,2023-08-26T17:54:14-05:00
1693090454.800000,ade191,DAL2992 ,44.942182,-93.040533,8575,294.100000,281.600000,3311,3280,281.600000,-1728,A3,2023-08-26T17:54:14-05:00
1693090454.800000,ac0b96,,0.000000,0.000000,0,0.000000,0.000000,,194,0.000000,0,A3,2023-08-26T17:54:14-05:00
1693090454.800000,aaeb1b,,0.000000,0.000000,0,0.000000,0.000000,,2132,0.000000,0,A1,2023-08-26T17:54:14-05:00
1693090454.800000,abb839,,0.000000,0.000000,0,0.000000,0.000000,,767,0.000000,0,A7,2023-08-26T17:54:14-05:00
1693090454.800000,a44308,,0.000000,0.000000,46525,0.000000,0.000000,,3455,0.000000,0,A3,2023-08-26T17:54:14-05:00
1693090454.800000,c058bf,,0.000000,0.000000,0,0.000000,0.000000,,1803,0.000000,0,A5,2023-08-26T17:54:14-05:00
1693090454.800000,a59d63,,0.000000,0.000000,0,0.000000,0.000000,,1981,0.000000,0,A3,2023-08-26T17:54:14-05:00
1693090454.800000,abb6bc,,0.000000,0.000000,0,0.000000,0.000000,,2724,0.000000,0,A2,2023-08-26T17:54:14-05:00
1693090484.800000,a9ed17,,0.000000,0.000000,3700,0.000000,0.000000,,5,0.000000,0,,2023-08-26T17:54:44-05:00
1693090484.800000,a105f3,N165TJ  ,44.919790,-92.815314,1800,324.000000,95.200000,,27,95.200000,0,A1,2023-08-26T17:54:44-05:00
1693090484.800000,ac058a,,0.000000,0.000000,8100,0.000000,0.000000,,85,0.000000,0,A3,2023-08-26T17:54:44-05:00
1693090484.800000,a35d79,,0.000000,0.000000,0,0.000000,0.000000,,8,0.000000,0,,2023-08-26T17:54:44-05:00
1693090484.800000,a16ff1,DAL8868 ,45.562912,-92.638393,36000,285.200000,404.100000,2606,434,404.100000,0,A5,2023-08-26T17:54:44-05:00
1693090484.800000,a66175,,45.090125,-92.378607,30000,301.900000,281.600000,5622,137,281.600000,0,A1,2023-08-26T17:54:44-05:00
1693090484.800000,a605f0,,0.000000,0.000000,0,0.000000,0.000000,,5,0.000000,0,,2023-08-26T17:54:44-05:00
1693090484.800000,a2b133,UAL755  ,45.507466,-92.469512,37000,105.600000,519.200000,6621,745,519.200000,0,A3,2023-08-26T17:54:44-05:00
1693090484.800000,acb82c,DAL2034 ,44.885696,-92.860500,11425,294.600000,293.600000,1364,2443,293.600000,-1728,A3,2023-08-26T17:54:44-05:00
1693090484.800000,a6dfbf,JIA5588 ,44.585452,-92.310076,16550,111.500000,403.100000,3630,1307,403.100000,0,A3,2023-08-26T17:54:44-05:00
1693090484.800000,a9bb53,,44.969650,-92.293854,11625,100.000000,374.700000,,1873,374.700000,0,A2,2023-08-26T17:54:44-05:00
1693090484.800000,ad2baa,,0.000000,0.000000,0,0.000000,0.000000,,1049,0.000000,0,A3,2023-08-26T17:54:44-05:00
1693090484.800000,a6ff6c,,0.000000,0.000000,0,0.000000,0.000000,,1902,0.000000,0,A3,2023-08-26T17:54:44-05:00
1693090484.800000,ade191,DAL2992 ,44.956334,-93.085483,7950,294.000000,270.400000,3311,3426,270.400000,-1024,A3,2023-08-26T17:54:44-05:00
1693090484.800000,aaeb1b,,0.000000,0.000000,0,0.000000,0.000000,,2132,0.000000,0,A1,2023-08-26T17:54:44-05:00
1693090484.800000,abb839,,0.000000,0.000000,0,0.000000,0.000000,,767,0.000000,0,A7,2023-08-26T17:54:44-05:00
1693090484.800000,a44308,,0.000000,0.000000,0,0.000000,0.000000,,3455,0.000000,0,A3,2023-08-26T17:54:44-05:00
1693090484.800000,c058bf,,0.000000,0.000000,0,0.000000,0.000000,,1803,0.000000,0,A5,2023-08-26T17:54:44-05:00
1693090484.800000,a59d63,,0.000000,0.000000,0,0.000000,0.000000,,1981,0.000000,0,A3,2023-08-26T17:54:44-05:00
1693090514.800000,a9ed17,,45.066802,-93.009919,3700,311.900000,104.800000,,27,104.800000,0,,2023-08-26T17:55:14-05:00
1693090514.800000,a105f3,,0.000000,0.000000,0,0.000000,0.000000,,27,0.000000,0,A1,2023-08-26T17:55:14-05:00
1693090514.800000,ac058a,,0.000000,0.000000,7725,0.000000,0.000000,,86,0.000000,0,A3,2023-08-26T17:55:14-05:00
1693090514.800000,a35d79,,0.000000,0.000000,0,0.000000,0.000000,,8,0.000000,0,,2023-08-26T17:55:14-05:00
1693090514.800000,a16ff1,DAL8868 ,45.576187,-92.708465,36025,285.000000,404.900000,2606,558,404.900000,0,A5,2023-08-26T17:55:14-05:00
1693090514.800000,a66175,N510AF  ,45.111649,-92.427455,30000,301.900000,281.600000,5622,282,281.600000,0,A1,2023-08-26T17:55:14-05:00
1693090514.800000,a605f0,,44.624789,-92.966041,2750,102.000000,96.100000,,16,96.100000,-320,,2023-08-26T17:55:14-05:00
1693090514.800000,a2b133,UAL755  ,45.487930,-92.371543,37000,105.900000,518.800000,6621,831,518.800000,0,A3,2023-08-26T17:55:14-05:00
1693090514.800000,acb82c,DAL2034 ,44.902405,-92.913404,10525,293.600000,290.200000,1364,2679,290.200000,-1536,A3,2023-08-26T17:55:14-05:00
1693090514.800000,a6dfbf,JIA5588 ,44.572723,-92.264884,17000,111.700000,408.900000,3630,1335,408.900000,0,A3,2023-08-26T17:55:14-05:00
1693090514.800000,a9bb53,,44.969650,-92.293854,11625,100.000000,374.700000,,1874,374.700000,0,A2,2023-08-26T17:55:14-05:00
1693090514.800000,ad2baa,,0.000000,0.000000,0,0.000000,0.000000,,1049,0.000000,0,A3,2023-08-26T17:55:14-05:00
1693090514.800000,a6ff6c,,0.000000,0.000000,0,0.000000,0.000000,,1902,0.000000,0,A3,2023-08-26T17:55:14-05:00
1693090514.800000,ade191,DAL2992 ,44.970886,-93.124433,7375,302.500000,257.200000,3311,3468,257.200000,-1984,A3,2023-08-26T17:55:14-05:00
1693090514.800000,aaeb1b,,0.000000,0.000000,0,0.000000,0.000000,,2132,0.000000,0,A1,2023-08-26T17:55:14-05:00
1693090514.800000,abb839,,0.000000,0.000000,0,0.000000,0.000000,,767,0.000000,0,A7,2023-08-26T17:55:14-05:00
1693090514.800000,a44308,,0.000000,0.000000,0,0.000000,0.000000,,3455,0.000000,0,A3,2023-08-26T17:55:14-05:00
1693090514.800000,c058bf,,0.000000,0.000000,0,0.000000,0.000000,,1803,0.000000,0,A5,2023-08-26T17:55:14-05:00
1693090514.800000,a59d63,,0.000000,0.000000,0,0.000000,0.000000,,1981,0.000000,0,A3,2023-08-26T17:55:14-05:00
1693090544.900000,a3636c,,44.841397,-93.578059,1600,80.300000,95.400000,,15,95.400000,0,,2023-08-26T17:55:44-05:00
1693090544.900000,a9ed17,,45.076765,-93.031289,3700,304.600000,105.700000,,53,105.700000,0,,2023-08-26T17:55:44-05:00
1693090544.900000,a105f3,,0.000000,0.000000,0,0.000000,0.000000,,27,0.000000,0,A1,2023-08-26T17:55:44-05:00
1693090544.900000,ac058a,,0.000000,0.000000,7725,0.000000,0.000000,,86,0.000000,0,A3,2023-08-26T17:55:44-05:00
1693090544.900000,a35d79,,0.000000,0.000000,15050,0.000000,0.000000,,11,0.000000,0,,2023-08-26T17:55:44-05:00
1693090544.900000,a16ff1,DAL8868 ,45.591958,-92.792107,36025,285.000000,404.900000,2606,732,404.900000,0,A5,2023-08-26T17:55:44-05:00
1693090544.900000,a66175,N510AF  ,45.131464,-92.472594,30000,301.800000,281.100000,5622,409,281.100000,0,A1,2023-08-26T17:55:44-05:00
1693090544.900000,a605f0,,44.621750,-92.947083,2800,102.300000,89.100000,,43,89.100000,256,,2023-08-26T17:55:44-05:00
1693090544.900000,a2b133,UAL755  ,45.473602,-92.300655,37000,106.000000,518.100000,6621,866,518.100000,0,A3,2023-08-26T17:55:44-05:00
1693090544.900000,acb82c,DAL2034 ,44.918152,-92.963889,9800,293.900000,283.400000,1364,2935,283.400000,-1792,A3,2023-08-26T17:55:44-05:00
1693090544.900000,a6dfbf,JIA5588 ,44.560272,-92.222835,17450,111.700000,408.900000,3630,1337,408.900000,0,A3,2023-08-26T17:55:44-05:00
1693090544.900000,a9bb53,,0.000000,0.000000,0,0.000000,0.000000,,1874,0.000000,0,A2,2023-08-26T17:55:44-05:00
1693090544.900000,ad2baa,,0.000000,0.000000,0,0.000000,0.000000,,1049,0.000000,0,A3,2023-08-26T17:55:44-05:00
1693090544.900000,a6ff6c,,0.000000,0.000000,0,0.000000,0.000000,,1902,0.000000,0,A3,2023-08-26T17:55:44-05:00
1693090544.900000,ade191,DAL2992 ,44.992365,-93.174178,6375,301.000000,257.900000,3311,3487,257.900000,-1792,A3,2023-08-26T17:55:44-05:00
1693090544.900000,aaeb1b,,0.000000,0.000000,0,0.000000,0.000000,,2132,0.000000,0,A1,2023-08-26T17:55:44-05:00
1693090544.900000,abb839,,0.000000,0.000000,0,0.000000,0.000000,,767,0.000000,0,A7,2023-08-26T17:55:44-05:00
1693090544.900000,a44308,,0.000000,0.000000,0,0.000000,0.000000,,3455,0.000000,0,A3,2023-08-26T17:55:44-05:00
1693090544.900000,c058bf,,0.000000,0.000000,0,0.000000,0.000000,,1803,0.000000,0,A5,2023-08-26T17:55:44-05:00
1693090544.900000,a59d63,,0.000000,0.000000,0,0.000000,0.000000,,1981,0.000000,0,A3,2023-08-26T17:55:44-05:00
1693090574.900000,a3636c,N31716  ,44.841815,-93.573102,1600,84.600000,96.400000,,31,96.400000,0,A1,2023-08-26T17:56:14-05:00
1693090574.900000,a9ed17,,45.079372,-93.036983,3700,303.200000,104.000000,,66,104.000000,0,,2023-08-26T17:56:14-05:00
1693090574.900000,a105f3,,0.000000,0.000000,0,0.000000,0.000000,,27,0.000000,0,A1,2023-08-26T17:56:14-05:00
1693090574.900000,ac058a,,0.000000,0.000000,0,0.000000,0.000000,,86,0.000000,0,A3,2023-08-26T17:56:14-05:00
1693090574.900000,a35d79,,0.000000,0.000000,15050,0.000000,0.000000,,15,0.000000,0,,2023-08-26T17:56:14-05:00
1693090574.900000,a16ff1,DAL8868 ,45.596786,-92.817725,36025,285.000000,404.900000,2606,763,404.900000,0,A5,2023-08-26T17:56:14-05:00
1693090574.900000,a66175,N510AF  ,45.150879,-92.516915,30000,301.800000,281.100000,5622,507,281.100000,0,A1,2023-08-26T17:56:14-05:00
1693090574.900000,a605f0,,44.621613,-92.946167,2800,102.700000,86.100000,,49,86.100000,448,,2023-08-26T17:56:14-05:00
1693090574.900000,a2b133,UAL755  ,45.457376,-92.220377,37000,106.000000,518.100000,,884,518.100000,0,A3,2023-08-26T17:56:14-05:00
1693090574.900000,acb82c,DAL2034 ,44.933899,-93.013654,8950,294.100000,283.800000,1364,3116,283.800000,-1664,A3,2023-08-26T17:56:14-05:00
1693090574.900000,a6dfbf,JIA5588 ,44.560272,-92.222835,17450,111.700000,408.900000,3630,1337,408.900000,0,A3,2023-08-26T17:56:14-05:00
1693090574.900000,a9bb53,,0.000000,0.000000,0,0.000000,0.000000,,1874,0.000000,0,A2,2023-08-26T17:56:14-05:00
1693090574.900000,ad2baa,,0.000000,0.000000,0,0.000000,0.000000,,1049,0.000000,0,A3,2023-08-26T17:56:14-05:00
1693090574.900000,a6ff6c,,0.000000,0.000000,0,0.000000,0.000000,,1902,0.000000,0,A3,2023-08-26T17:56:14-05:00
1693090574.900000,ade191,DAL2992 ,44.992365,-93.174178,6375,301.000000,257.900000,3311,3487,257.900000,-1792,A3,2023-08-26T17:56:14-05:00
1693090574.900000,abb839,,0.000000,0.000000,0,0.000000,0.000000,,767,0.000000,0,A7,2023-08-26T17:56:14-05:00
1693090574.900000,a44308,,0.000000,0.000000,0,0.000000,0.000000,,3455,0.000000,0,A3,2023-08-26T17:56:14-05:00
1693090574.900000,c058bf,,0.000000,0.000000,0,0.000000,0.000000,,1803,0.000000,0,A5,2023-08-26T17:56:14-05:00
1693090574.900000,a59d63,,0.000000,0.000000,0,0.000000,0.000000,,1981,0.000000,0,A3,2023-08-26T17:56:14-05:00
1693090605.000000,a3636c,N31716  ,44.841815,-93.573102,1600,84.600000,96.400000,,31,96.400000,0,A1,2023-08-26T17:56:45-05:00
1693090605.000000,a9ed17,N739GG  ,45.089539,-93.058581,3700,307.000000,106.400000,,75,106.400000,0,A1,2023-08-26T17:56:45-05:00
1693090605.000000,a105f3,,0.000000,0.000000,0,0.000000,0.000000,,27,0.000000,0,A1,2023-08-26T17:56:45-05:00
1693090605.000000,ac058a,,0.000000,0.000000,0,0.000000,0.000000,,86,0.000000,0,A3,2023-08-26T17:56:45-05:00
1693090605.000000,a35d79,,0.000000,0.000000,15050,0.000000,0.000000,,15,0.000000,0,,2023-08-26T17:56:45-05:00
1693090605.000000,a16ff1,,45.613449,-92.906755,36000,285.000000,404.900000,2606,768,404.900000,0,A5,2023-08-26T17:56:45-05:00
1693090605.000000,a66175,N510AF  ,45.172942,-92.567317,30000,301.700000,282.000000,5622,698,282.000000,0,A1,2023-08-26T17:56:45-05:00
1693090605.000000,a605f0,,44.617722,-92.919682,2750,103.900000,91.700000,1200,62,91.700000,-192,,2023-08-26T17:56:45-05:00
1693090605.000000,a2b133,UAL755  ,45.442945,-92.149904,37000,106.400000,518.000000,,896,518.000000,0,A3,2023-08-26T17:56:45-05:00
1693090605.000000,acb82c,DAL2034 ,44.949966,-93.064859,8075,293.800000,277.600000,1364,3302,277.600000,-960,A3,2023-08-26T17:56:45-05:00
1693090605.000000,a6dfbf,,0.000000,0.000000,0,0.000000,0.000000,,1337,0.000000,0,A3,2023-08-26T17:56:45-05:00
1693090605.000000,a9bb53,,0.000000,0.000000,0,0.000000,0.000000,,1874,0.000000,0,A2,2023-08-26T17:56:45-05:00
1693090605.000000,ad2baa,,0.000000,0.000000,0,0.000000,0.000000,,1049,0.000000,0,A3,2023-08-26T17:56:45-05:00
1693090605.000000,a6ff6c,,0.000000,0.000000,0,0.000000,0.000000,,1902,0.000000,0,A3,2023-08-26T17:56:45-05:00
1693090605.000000,ade191,DAL2992 ,44.992365,-93.174178,6375,0.000000,0.000000,3311,3487,0.000000,0,A3,2023-08-26T17:56:45-05:00
1693090605.000000,abb839,,0.000000,0.000000,0,0.000000,0.000000,,767,0.000000,0,A7,2023-08-26T17:56:45-05:00
1693090605.000000,a44308,,0.000000,0.000000,0,0.000000,0.000000,,3455,0.000000,0,A3,2023-08-26T17:56:45-05:00
1693090605.000000,a59d63,,0.000000,0.000000,0,0.000000,0.000000,,1981,0.000000,0,A3,2023-08-26T17:56:45-05:00
1693090635.000000,a62781,,0.000000,0.000000,40025,310.400000,410.800000,,12,410.800000,0,,2023-08-26T17:57:15-05:00
1693090635.000000,a3636c,,0.000000,0.000000,0,0.000000,0.000000,,31,0.000000,0,A1,2023-08-26T17:57:15-05:00
1693090635.000000,a9ed17,N739GG  ,45.089539,-93.058581,3700,307.000000,106.400000,,75,106.400000,0,A1,2023-08-26T17:57:15-05:00
1693090635.000000,a105f3,N165TJ  ,44.989805,-92.896036,1800,325.800000,97.900000,,44,97.900000,0,A1,2023-08-26T17:57:15-05:00
1693090635.000000,ac058a,,0.000000,0.000000,0,0.000000,0.000000,,86,0.000000,0,A3,2023-08-26T17:57:15-05:00
1693090635.000000,a35d79,,0.000000,0.000000,0,0.000000,0.000000,,15,0.000000,0,,2023-08-26T17:57:15-05:00
1693090635.000000,a16ff1,DAL8868 ,45.635578,-93.025703,36000,284.700000,405.300000,2606,892,405.300000,0,A5,2023-08-26T17:57:15-05:00
1693090635.000000,a66175,N510AF  ,45.193909,-92.615400,30000,301.700000,282.000000,5622,851,282.000000,0,A1,2023-08-26T17:57:15-05:00
1693090635.000000,a605f0,N4877J  ,44.613602,-92.895748,2775,100.000000,92.400000,1200,103,92.400000,-64,A1,2023-08-26T17:57:15-05:00
1693090635.000000,a2b133,,45.442945,-92.149904,37000,106.400000,518.000000,,896,518.000000,0,A3,2023-08-26T17:57:15-05:00
1693090635.000000,acb82c,DAL2034 ,44.965622,-93.112662,7675,298.300000,259.100000,1364,3438,259.100000,-1088,A3,2023-08-26T17:57:15-05:00
1693090635.000000,a6dfbf,,0.000000,0.000000,0,0.000000,0.000000,,1337,0.000000,0,A3,2023-08-26T17:57:15-05:00
1693090635.000000,a9bb53,,0.000000,0.000000,0,0.000000,0.000000,,1874,0.000000,0,A2,2023-08-26T17:57:15-05:00
1693090635.000000,ad2baa,,0.000000,0.000000,0,0.000000,0.000000,,1049,0.000000,0,A3,2023-08-26T17:57:15-05:00
1693090635.000000,a6ff6c,,0.000000,0.000000,0,0.000000,0.000000,,1902,0.000000,0,A3,2023-08-26T17:57:15-05:00
1693090635.000000,ade191,,0.000000,0.000000,0,0.000000,0.000000,,3487,0.000000,0,A3,2023-08-26T17:57:15-05:00
1693090635.000000,abb839,,0.000000,0.000000,0,0.000000,0.000000,,767,0.000000,0,A7,2023-08-26T17:57:15-05:00
1693090635.000000,a44308,,0.000000,0.000000,0,0.000000,0.000000,,3455,0.000000,0,A3,2023-08-26T17:57:15-05:00
1693090635.000000,a59d63,,0.000000,0.000000,0,0.000000,0.000000,,1981,0.000000,0,A3,2023-08-26T17:57:15-05:00
1693090665.000000,a62781,,0.000000,0.000000,40025,310.300000,410.100000,,16,410.100000,0,,2023-08-26T17:57:45-05:00
1693090665.000000,a3636c,,0.000000,0.000000,0,0.000000,0.000000,,31,0.000000,0,A1,2023-08-26T17:57:45-05:00
1693090665.000000,a9ed17,,0.000000,0.000000,0,0.000000,0.000000,,75,0.000000,0,A1,2023-08-26T17:57:45-05:00
1693090665.000000,a105f3,N165TJ  ,44.989805,-92.896036,1800,325.800000,97.900000,,44,97.900000,0,A1,2023-08-26T17:57:45-05:00
1693090665.000000,ac058a,,0.000000,0.000000,0,0.000000,0.000000,,86,0.000000,0,A3,2023-08-26T17:57:45-05:00
1693090665.000000,a35d79,,0.000000,0.000000,0,17.400000,297.600000,,17,297.600000,0,,2023-08-26T17:57:45-05:00
1693090665.000000,a16ff1,DAL8868 ,45.645538,-93.079186,36000,284.900000,404.600000,2606,970,404.600000,-64,A5,2023-08-26T17:57:45-05:00
1693090665.000000,a66175,N510AF  ,45.214645,-92.662877,30000,301.600000,282.800000,5622,1095,282.800000,0,A1,2023-08-26T17:57:45-05:00
1693090665.000000,a605f0,N4877J  ,44.613570,-92.895500,2775,100.000000,92.400000,1200,108,92.400000,-64,A1,2023-08-26T17:57:45-05:00
1693090665.000000,a2b133,,0.000000,0.000000,0,106.400000,518.000000,,896,518.000000,0,A3,2023-08-26T17:57:45-05:00
1693090665.000000,acb82c,DAL2034 ,44.982915,-93.152138,7125,301.800000,257.800000,1364,3488,257.800000,-1216,A3,2023-08-26T17:57:45-05:00
1693090665.000000,a6dfbf,,0.000000,0.000000,0,0.000000,0.000000,,1337,0.000000,0,A3,2023-08-26T17:57:45-05:00
1693090665.000000,a9bb53,,0.000000,0.000000,0,0.000000,0.000000,,1874,0.000000,0,A2,2023-08-26T17:57:45-05:00
1693090665.000000,ad2baa,,0.000000,0.000000,0,0.000000,0.000000,,1049,0.000000,0,A3,2023-08-26T17:57:45-05:00
1693090665.000000,a6ff6c,,0.000000,0.000000,0,0.000000,0.000000,,1902,0.000000,0,A3,2023-08-26T17:57:45-05:00
1693090665.000000,ade191,,0.000000,0.000000,0,0.000000,0.000000,,3487,0.000000,0,A3,2023-08-26T17:57:45-05:00
1693090665.000000,abb839,,0.000000,0.000000,0,0.000000,0.000000,,767,0.000000,0,A7,2023-08-26T17:57:45-05:00
1693090665.000000,a44308,,0.000000,0.000000,0,0.000000,0.000000,,3455,0.000000,0,A3,2023-08-26T17:57:45-05:00
1693090665.000000,a59d63,,0.000000,0.000000,0,0.000000,0.000000,,1981,0.000000,0,A3,2023-08-26T17:57:45-05:00
1693090695.100000,a62781,,44.371033,-92.628217,40025,310.300000,409.400000,6260,60,409.400000,0,,2023-08-26T17:58:15-05:00
1693090695.100000,a3636c,,0.000000,0.000000,0,0.000000,0.000000,,31,0.000000,0,A1,2023-08-26T17:58:15-05:00
1693090695.100000,a9ed17,,0.000000,0.000000,0,0.000000,0.000000,,75,0.000000,0,A1,2023-08-26T17:58:15-05:00
1693090695.100000,a105f3,,0.000000,0.000000,0,0.000000,0.000000,,44,0.000000,0,A1,2023-08-26T17:58:15-05:00
1693090695.100000,ac058a,,0.000000,0.000000,0,0.000000,0.000000,,86,0.000000,0,A3,2023-08-26T17:58:15-05:00
1693090695.100000,a35d79,DAL1119 ,44.642212,-93.213305,10700,355.100000,293.100000,2613,98,293.100000,0,A3,2023-08-26T17:58:15-05:00
1693090695.100000,a16ff1,DAL8868 ,45.651718,-93.112480,61900,284.700000,405.300000,2606,987,405.300000,0,A5,2023-08-26T17:58:15-05:00
1693090695.100000,a66175,N510AF  ,45.235228,-92.710140,30000,301.700000,283.300000,5622,1362,283.300000,0,A1,2023-08-26T17:58:15-05:00
1693090695.100000,a605f0,N4877J  ,44.610823,-92.861001,2775,95.800000,89.500000,1200,140,89.500000,-64,A1,2023-08-26T17:58:15-05:00
1693090695.100000,a2b133,,0.000000,0.000000,0,0.000000,0.000000,,896,0.000000,0,A3,2023-08-26T17:58:15-05:00
1693090695.100000,acb82c,DAL2034 ,45.002933,-93.198495,6450,301.300000,254.000000,1364,3512,254.000000,-1088,A3,2023-08-26T17:58:15-05:00
1693090695.100000,a6dfbf,,0.000000,0.000000,0,0.000000,0.000000,,1337,0.000000,0,A3,2023-08-26T17:58:15-05:00
1693090695.100000,a9bb53,,0.000000,0.000000,0,0.000000,0.000000,,1874,0.000000,0,A2,2023-08-26T17:58:15-05:00
1693090695.100000,ad2baa,,0.000000,0.000000,0,0.000000,0.000000,,1049,0.000000,0,A3,2023-08-26T17:58:15-05:00
1693090695.100000,ade191,,0.000000,0.000000,0,0.000000,0.000000,,3487,0.000000,0,A3,2023-08-26T17:58:15-05:00
1693090695.100000,a59d63,,0.000000,0.000000,0,0.000000,0.000000,,1981,0.000000,0,A3,2023-08-26T17:58:15-05:00
1693090725.100000,a62781,,44.389709,-92.659018,40025,310.100000,409.500000,6260,107,409.500000,0,,2023-08-26T17:58:45-05:00
1693090725.100000,a3636c,,0.000000,0.000000,0,0.000000,0.000000,,31,0.000000,0,A1,2023-08-26T17:58:45-05:00
1693090725.100000,a9ed17,,0.000000,0.000000,0,0.000000,0.000000,,75,0.000000,0,A1,2023-08-26T17:58:45-05:00
1693090725.100000,a105f3,,0.000000,0.000000,0,0.000000,0.000000,,44,0.000000,0,A1,2023-08-26T17:58:45-05:00
1693090725.100000,ac058a,,0.000000,0.000000,0,0.000000,0.000000,,86,0.000000,0,A3,2023-08-26T17:58:45-05:00
1693090725.100000,a35d79,DAL1119 ,44.674600,-93.217587,10075,352.100000,289.800000,2613,179,289.800000,0,A3,2023-08-26T17:58:45-05:00
1693090725.100000,a16ff1,DAL8868 ,45.673006,-93.227921,36000,284.600000,405.100000,,990,405.100000,0,A5,2023-08-26T17:58:45-05:00
1693090725.100000,a66175,N510AF  ,45.255936,-92.757699,30000,301.700000,283.300000,5622,1664,283.300000,0,A1,2023-08-26T17:58:45-05:00
1693090725.100000,a605f0,,44.610718,-92.860107,2750,95.800000,89.500000,,144,89.500000,-64,A1,2023-08-26T17:58:45-05:00
1693090725.100000,a2b133,,0.000000,0.000000,0,0.000000,0.000000,,896,0.000000,0,A3,2023-08-26T17:58:45-05:00
1693090725.100000,acb82c,,45.019684,-93.237501,5975,301.000000,252.100000,1364,3523,252.100000,-1280,A3,2023-08-26T17:58:45-05:00
1693090725.100000,a6dfbf,,0.000000,0.000000,0,0.000000,0.000000,,1337,0.000000,0,A3,2023-08-26T17:58:45-05:00
1693090725.100000,a9bb53,,0.000000,0.000000,0,0.000000,0.000000,,1874,0.000000,0,A2,2023-08-26T17:58:45-05:00
1693090725.100000,ade191,,0.000000,0.000000,0,0.000000,0.000000,,3487,0.000000,0,A3,2023-08-26T17:58:45-05:00
1693090755.100000,a62781,AJT1021 ,44.446540,-92.752678,40025,310.200000,408.700000,6260,180,408.700000,0,A5,2023-08-26T17:59:15-05:00
1693090755.100000,a3636c,,0.000000,0.000000,0,0.000000,0.000000,,31,0.000000,0,A1,2023-08-26T17:59:15-05:00
1693090755.100000,a9ed17,,0.000000,0.000000,0,0.000000,0.000000,,75,0.000000,0,A1,2023-08-26T17:59:15-05:00
1693090755.100000,a105f3,,0.000000,0.000000,0,0.000000,0.000000,,44,0.000000,0,A1,2023-08-26T17:59:15-05:00
1693090755.100000,ac058a,,0.000000,0.000000,0,0.000000,0.000000,,86,0.000000,0,A3,2023-08-26T17:59:15-05:00
1693090755.100000,a35d79,DAL1119 ,44.697038,-93.226296,9650,334.800000,281.800000,2613,194,281.800000,0,A3,2023-08-26T17:59:15-05:00
1693090755.100000,a16ff1,,45.673006,-93.227921,36000,284.600000,405.100000,,992,405.100000,0,A5,2023-08-26T17:59:15-05:00
1693090755.100000,a66175,N510AF  ,45.276352,-92.804653,30000,301.600000,284.200000,5622,1921,284.200000,0,A1,2023-08-26T17:59:15-05:00
1693090755.100000,a605f0,,44.610718,-92.860107,2750,95.800000,89.500000,,144,89.500000,-64,A1,2023-08-26T17:59:15-05:00
1693090755.100000,a2b133,,0.000000,0.000000,0,0.000000,0.000000,,896,0.000000,0,A3,2023-08-26T17:59:15-05:00
1693090755.100000,acb82c,,45.019684,-93.237501,5975,301.000000,252.100000,1364,3525,252.100000,-1280,A3,2023-08-26T17:59:15-05:00
1693090755.100000,a6dfbf,,0.000000,0.000000,0,0.000000,0.000000,,1337,0.000000,0,A3,2023-08-26T17:59:15-05:00
1693090755.100000,a9bb53,,0.000000,0.000000,0,0.000000,0.000000,,1874,0.000000,0,A2,2023-08-26T17:59:15-05:00
1693090755.100000,ade191,,0.000000,0.000000,0,0.000000,0.000000,,3487,0.000000,0,A3,2023-08-26T17:59:15-05:00
1693090785.200000,a62781,AJT1021 ,44.477498,-92.803858,40025,309.900000,408.200000,6260,247,408.200000,0,A5,2023-08-26T17:59:45-05:00
1693090785.200000,a3636c,,0.000000,0.000000,0,0.000000,0.000000,,31,0.000000,0,A1,2023-08-26T17:59:45-05:00
1693090785.200000,a9ed17,,0.000000,0.000000,0,0.000000,0.000000,,75,0.000000,0,A1,2023-08-26T17:59:45-05:00
1693090785.200000,a105f3,,45.049252,-92.957734,1800,322.700000,100.600000,,55,100.600000,0,A1,2023-08-26T17:59:45-05:00
1693090785.200000,ac058a,,0.000000,0.000000,0,0.000000,0.000000,,86,0.000000,0,A3,2023-08-26T17:59:45-05:00
1693090785.200000,a35d79,DAL1119 ,44.697038,-93.226296,8825,334.800000,281.800000,2613,195,281.800000,0,A3,2023-08-26T17:59:45-05:00
1693090785.200000,a16ff1,,0.000000,0.000000,0,0.000000,0.000000,,992,0.000000,0,A5,2023-08-26T17:59:45-05:00
1693090785.200000,a66175,N510AF  ,45.297043,-92.852391,30000,301.400000,283.700000,5622,2205,283.700000,0,A1,2023-08-26T17:59:45-05:00
1693090785.200000,a605f0,,0.000000,0.000000,2750,0.000000,0.000000,,147,0.000000,0,A1,2023-08-26T17:59:45-05:00
1693090785.200000,a2b133,,0.000000,0.000000,0,0.000000,0.000000,,896,0.000000,0,A3,2023-08-26T17:59:45-05:00
1693090785.200000,acb82c,,45.019684,-93.237501,5975,301.000000,252.100000,,3525,252.100000,-1280,A3,2023-08-26T17:59:45-05:00
1693090785.200000,a6dfbf,,0.000000,0.000000,0,0.000000,0.000000,,1337,0.000000,0,A3,2023-08-26T17:59:45-05:00
1693090785.200000,a9bb53,,0.000000,0.000000,0,0.000000,0.000000,,1874,0.000000,0,A2,2023-08-26T17:59:45-05:00
1693090785.200000,ade191,,0.000000,0.000000,0,0.000000,0.000000,,3487,0.000000,0,A3,2023-08-26T17:59:45-05:00
1693090800.700000,a62781,AJT1021 ,44.492627,-92.829046,40025,309.900000,408.200000,6260,285,408.200000,0,A5,2023-08-26T18:00:00-05:00
1693090800.700000,a3636c,,0.000000,0.000000,0,0.000000,0.000000,,31,0.000000,0,A1,2023-08-26T18:00:00-05:00
1693090800.700000,a9ed17,,0.000000,0.000000,0,0.000000,0.000000,,75,0.000000,0,A1,2023-08-26T18:00:00-05:00
1693090800.700000,a105f3,,45.050034,-92.958592,1800,322.600000,102.000000,,57,102.000000,0,A1,2023-08-26T18:00:00-05:00
1693090800.700000,a35d79,,44.697038,-93.226296,8600,334.800000,281.800000,,203,281.800000,0,A3,2023-08-26T18:00:00-05:00
1693090800.700000,a16ff1,,0.000000,0.000000,0,0.000000,0.000000,,992,0.000000,0,A5,2023-08-26T18:00:00-05:00
1693090800.700000,a66175,N510AF  ,45.307338,-92.876140,30000,301.400000,283.700000,5622,2309,283.700000,0,A1,2023-08-26T18:00:00-05:00
1693090800.700000,a605f0,,0.000000,0.000000,2775,0.000000,0.000000,,151,0.000000,0,A1,2023-08-26T18:00:00-05:00
1693090800.700000,a2b133,,0.000000,0.000000,0,0.000000,0.000000,,896,0.000000,0,A3,2023-08-26T18:00:00-05:00
1693090800.700000,acb82c,,0.000000,0.000000,0,0.000000,0.000000,,3526,0.000000,0,A3,2023-08-26T18:00:00-05:00
1693090800.700000,a6dfbf,,0.000000,0.000000,0,0.000000,0.000000,,1337,0.000000,0,A3,2023-08-26T18:00:00-05:00
1693090800.700000,a9bb53,,0.000000,0.000000,0,0.000000,0.000000,,1874,0.000000,0,A2,2023-08-26T18:00:00-05:00
1693090800.700000,ade191,,0.000000,0.000000,0,0.000000,0.000000,,3487,0.000000,0,A3,2023-08-26T18:00:00-05:00
1693090815.200000,adba1f,,0.000000,0.000000,41000,130.800000,482.100000,,12,482.100000,0,,2023-08-26T18:00:15-05:00
1693090815.200000,a62781,AJT1021 ,44.512784,-92.862541,40025,310.100000,408.100000,6260,301,408.100000,0,A5,2023-08-26T18:00:15-05:00
1693090815.200000,a3636c,,0.000000,0.000000,0,0.000000,0.000000,,31,0.000000,0,A1,2023-08-26T18:00:15-05:00
1693090815.200000,a9ed17,,0.000000,0.000000,0,0.000000,0.000000,,75,0.000000,0,A1,2023-08-26T18:00:15-05:00
1693090815.200000,a105f3,,45.050034,-92.958592,1800,322.600000,102.000000,,57,102.000000,0,A1,2023-08-26T18:00:15-05:00
1693090815.200000,a35d79,,0.000000,0.000000,8275,328.400000,259.500000,,214,259.500000,0,A3,2023-08-26T18:00:15-05:00
1693090815.200000,a16ff1,,0.000000,0.000000,0,0.000000,0.000000,,992,0.000000,0,A5,2023-08-26T18:00:15-05:00
1693090815.200000,a66175,N510AF  ,45.317734,-92.900260,30000,301.400000,283.700000,5622,2436,283.700000,0,A1,2023-08-26T18:00:15-05:00
1693090815.200000,a605f0,,0.000000,0.000000,2775,0.000000,0.000000,,151,0.000000,0,A1,2023-08-26T18:00:15-05:00
1693090815.200000,a2b133,,0.000000,0.000000,0,0.000000,0.000000,,896,0.000000,0,A3,2023-08-26T18:00:15-05:00
1693090815.200000,acb82c,,0.000000,0.000000,0,0.000000,0.000000,,3526,0.000000,0,A3,2023-08-26T18:00:15-05:00
1693090815.200000,a6dfbf,,0.000000,0.000000,0,0.000000,0.000000,,1337,0.000000,0,A3,2023-08-26T18:00:15-05:00
1693090815.200000,ade191,,0.000000,0.000000,0,0.000000,0.000000,,3487,0.000000,0,A3,2023-08-26T18:00:15-05:00
1693090845.200000,adba1f,,0.000000,0.000000,41000,130.800000,482.100000,,14,482.100000,0,,2023-08-26T18:00:45-05:00
1693090845.200000,a62781,AJT1021 ,44.556656,-92.935442,40025,310.100000,408.100000,6260,438,408.100000,0,A5,2023-08-26T18:00:45-05:00
1693090845.200000,a3636c,,0.000000,0.000000,0,0.000000,0.000000,,31,0.000000,0,A1,2023-08-26T18:00:45-05:00
1693090845.200000,a9ed17,,0.000000,0.000000,0,0.000000,0.000000,,75,0.000000,0,A1,2023-08-26T18:00:45-05:00
1693090845.200000,a105f3,,45.050034,-92.958592,1800,322.600000,102.000000,,57,102.000000,0,A1,2023-08-26T18:00:45-05:00
1693090845.200000,a35d79,,44.791397,-93.305904,8000,328.400000,259.500000,,221,259.500000,0,A3,2023-08-26T18:00:45-05:00
1693090845.200000,a16ff1,,0.000000,0.000000,36000,0.000000,0.000000,,999,0.000000,0,A5,2023-08-26T18:00:45-05:00
1693090845.200000,a66175,N510AF  ,45.338104,-92.947540,30000,301.400000,283.700000,5622,2690,283.700000,0,A1,2023-08-26T18:00:45-05:00
1693090845.200000,a605f0,,0.000000,0.000000,2775,0.000000,0.000000,,151,0.000000,0,A1,2023-08-26T18:00:45-05:00
1693090845.200000,a2b133,,0.000000,0.000000,0,0.000000,0.000000,,896,0.000000,0,A3,2023-08-26T18:00:45-05:00
1693090845.200000,acb82c,,0.000000,0.000000,0,0.000000,0.000000,,3526,0.000000,0,A3,2023-08-26T18:00:45-05:00
1693090875.300000,a3db51,,44.644108,-93.407905,2525,350.400000,96.300000,,12,96.300000,-64,,2023-08-26T18:01:15-05:00
1693090875.300000,a3e5b6,,45.258318,-93.518506,43775,128.600000,529.400000,,12,529.400000,0,,2023-08-26T18:01:15-05:00
1693090875.300000,adba1f,N984BF  ,44.555145,-93.217098,41000,130.800000,487.800000,,55,487.800000,0,A2,2023-08-26T18:01:15-05:00
1693090875.300000,a62781,AJT1021 ,44.593878,-92.997392,40025,310.000000,408.800000,6260,623,408.800000,0,A5,2023-08-26T18:01:15-05:00
1693090875.300000,a9ed17,,0.000000,0.000000,0,0.000000,0.000000,,75,0.000000,0,A1,2023-08-26T18:01:15-05:00
1693090875.300000,a105f3,,0.000000,0.000000,0,0.000000,0.000000,,57,0.000000,0,A1,2023-08-26T18:01:15-05:00
1693090875.300000,a35d79,,44.791397,-93.305904,7125,328.400000,259.500000,,224,259.500000,0,A3,2023-08-26T18:01:15-05:00
1693090875.300000,a16ff1,,0.000000,0.000000,36000,0.000000,0.000000,,999,0.000000,0,A5,2023-08-26T18:01:15-05:00
1693090875.300000,a66175,N510AF  ,45.358732,-92.995382,30000,301.300000,284.500000,5622,2992,284.500000,0,A1,2023-08-26T18:01:15-05:00
1693090875.300000,a605f0,,0.000000,0.000000,0,0.000000,0.000000,,151,0.000000,0,A1,2023-08-26T18:01:15-05:00
1693090875.300000,a2b133,,0.000000,0.000000,0,0.000000,0.000000,,896,0.000000,0,A3,2023-08-26T18:01:15-05:00
1693090875.300000,acb82c,,0.000000,0.000000,0,0.000000,0.000000,,3526,0.000000,0,A3,2023-08-26T18:01:15-05:00
1693090905.300000,a3db51,,44.644108,-93.407905,2525,350.400000,96.300000,,12,96.300000,-64,,2023-08-26T18:01:45-05:00
1693090905.300000,a3e5b6,,45.185231,-93.389014,44425,128.700000,525.100000,,24,525.100000,0,,2023-08-26T18:01:45-05:00
1693090905.300000,adba1f,N984BF  ,44.523056,-93.165240,41000,130.900000,487.000000,,118,487.000000,0,A2,2023-08-26T18:01:45-05:00
1693090905.300000,a62781,AJT1021 ,44.629956,-93.057616,40025,309.800000,407.500000,6260,844,407.500000,0,A5,2023-08-26T18:01:45-05:00
1693090905.300000,a105f3,,0.000000,0.000000,0,0.000000,0.000000,,57,0.000000,0,A1,2023-08-26T18:01:45-05:00
1693090905.300000,a35d79,,44.833374,-93.383985,6675,0.000000,0.000000,,234,0.000000,0,A3,2023-08-26T18:01:45-05:00
1693090905.300000,a16ff1,,0.000000,0.000000,36000,0.000000,0.000000,,999,0.000000,0,A5,2023-08-26T18:01:45-05:00
1693090905.300000,a66175,N510AF  ,45.378842,-93.042074,30000,301.400000,283.700000,5622,3270,283.700000,0,A1,2023-08-26T18:01:45-05:00
1693090905.300000,a605f0,,0.000000,0.000000,0,0.000000,0.000000,,152,0.000000,0,A1,2023-08-26T18:01:45-05:00
1693090905.300000,acb82c,,0.000000,0.000000,0,0.000000,0.000000,,3526,0.000000,0,A3,2023-08-26T18:01:45-05:00
1693090935.400000,a3db51,,0.000000,0.000000,0,0.000000,0.000000,,12,0.000000,0,,2023-08-26T18:02:15-05:00
1693090935.400000,a3e5b6,N350KH  ,45.143326,-93.315059,44750,128.700000,522.900000,2423,148,522.900000,0,A2,2023-08-26T18:02:15-05:00
1693090935.400000,adba1f,N984BF  ,44.467484,-93.075649,41000,130.900000,485.600000,,179,485.600000,0,A2,2023-08-26T18:02:15-05:00
1693090935.400000,a62781,AJT1021 ,44.662543,-93.112212,40025,309.900000,406.800000,6260,976,406.800000,0,A5,2023-08-26T18:02:15-05:00
1693090935.400000,a105f3,,0.000000,0.000000,0,0.000000,0.000000,,57,0.000000,0,A1,2023-08-26T18:02:15-05:00
1693090935.400000,a35d79,,44.833374,-93.383985,6675,0.000000,0.000000,,234,0.000000,0,A3,2023-08-26T18:02:15-05:00
1693090935.400000,a16ff1,,0.000000,0.000000,0,0.000000,0.000000,,999,0.000000,0,A5,2023-08-26T18:02:15-05:00
1693090935.400000,a66175,N510AF  ,45.399604,-93.090441,30000,301.400000,283.700000,5622,3410,283.700000,0,A1,2023-08-26T18:02:15-05:00
1693090935.400000,a605f0,,0.000000,0.000000,0,86.100000,87.200000,,154,87.200000,-64,A1,2023-08-26T18:02:15-05:00
1693090935.400000,acb82c,,0.000000,0.000000,0,0.000000,0.000000,,3526,0.000000,0,A3,2023-08-26T18:02:15-05:00
1693090965.400000,a3db51,,0.000000,0.000000,0,0.000000,0.000000,,12,0.000000,0,,2023-08-26T18:02:45-05:00
1693090965.400000,a3e5b6,N350KH  ,45.117325,-93.269283,44950,128.800000,524.900000,2423,193,524.900000,0,A2,2023-08-26T18:02:45-05:00
1693090965.400000,adba1f,N984BF  ,44.423776,-93.005565,41000,131.000000,484.900000,2624,319,484.900000,0,A2,2023-08-26T18:02:45-05:00
1693090965.400000,a62781,AJT1021 ,44.697410,-93.170561,40025,309.900000,406.800000,6260,1067,406.800000,0,A5,2023-08-26T18:02:45-05:00
1693090965.400000,a105f3,,0.000000,0.000000,0,0.000000,0.0000